,id,course_specific_id,gender,year_of_birth,level_of_education,Objectif_Atteint,Compet_acquises,Heures_Travail_Passees,Satis_Videos,Satis_Supports_Ecrits,Satis_Quizz,Satis_TD,Satis_TP,Satis_Exam,Satis_Temoignages_Pros,Satis_Forums,Satis_Ex_S0,Satis_Rythme,Recommand,Inscri_Proch_Sess,country,enrollment_time,certificate,unenroll
1,3b45a62b777d684acc379d4a011d045cc9c3a827dd98c12a33bf6818283984ec,a01bbf9ac7ed7a386600337400261cd4,m,1970,jhs,Non,"Connaitre les architectures reseaux, les mecanismes reseaux, pile de protocoles etc.",2h a 4h,4,5,4,4,3,3,4,4,4,3,Oui,Oui,,2015-06-28 18:33:28,True,True
2,d81eed3f3e37dc6c010f85372ce48948af7804f379dffbe89745693e1380dfb2,e6e0084808432c81ef70a300c27e84ab,f,1965,other,Oui,"Connaitre les architectures reseaux, les mecanismes reseaux, pile de protocoles etc.",5h a 8h,5,5,5,5,5,5,5,5,5,5,Oui,Non,Germany,2015-08-03 16:02:02,True,True
3,2db51122eb040ee1f3a15de7775484f2c0c28aa870ccb447fa800d6d018d545e,71f41a17f4d3896d4532309d4ae053f0,m,1978,hs,Partiellement,"Connaitre l'internet IP, TCP et UDP et leurs propretes",Moins d'1h,4,4,4,4,5,4,4,4,3,4,Oui,Oui,,2015-09-14 19:07:50,True,True
4,31bfe2e16dc46ef1a3bf4ade10d7a7fb94d7d782d5a1a219e6784c81a0808834,9700f03006a2e62ae7a91c5838604af3,m,1983,jhs,Partiellement,"Connaitre les architectures reseaux, les mecanismes reseaux, pile de protocoles etc.",Vide,4,3,4,3,5,3,5,4,4,4,Oui,Non,,2015-07-02 09:36:53,True,True
5,bdce254a3fdebc2f60ce97c6223c03463ac2600319711f8fe7f61219dea7170a,0c8d0d83df13c810e741e78a0f07d844,m,1979,m,Oui,"Connaitre les architectures reseaux, les mecanismes reseaux, pile de protocoles etc.",2h a 4h,4,4,4,4,4,4,4,4,4,4,Oui,Oui,,2015-11-25 09:51:39,True,True
6,a6d4adead490b9e71053bdd436d1e40237625289ae6fe3071cd3054a9ecba0d6,a096f9928b56ad4c1d552a8db135df57,f,1978,jhs,Partiellement,"Connaitre l'internet IP, TCP et UDP et leurs propretes",2h a 4h,5,5,5,5,5,5,4,5,5,5,Oui,Oui,France,2015-08-24 15:51:57,True,True
7,303c710eb20ec8d66b79baf9ee9aca0fff476ed625f290125dc24648256094db,23e3cd2d0e6bbcda5220c0ba08cf36d0,m,1968,m,Oui,"Connaitre l'internet IP, TCP et UDP et leurs propretes",2h a 4h,4,3,5,5,5,4,3,2,4,4,Oui,Non,,2015-10-05 20:57:55,True,True
8,271e27de64a7e307ba2158b9220ba7effe2f8c093930e05e308626f74736a88e,663263e556ca7cb38d7e9aab2f15d44c,m,1961,b,Oui,"Connaitre l'internet IP, TCP et UDP et leurs propretes",2h a 4h,5,4,5,5,5,5,5,3,1,3,Oui,Non,France,2015-08-11 04:46:51,True,True
9,41d2cf39172fec62477214d7ef5a5cb4227849324101266a310a30a77da3f816,f06bb05f11e31607ef45d32a4580cf66,m,1964,b,Oui,"Connaitre les architectures reseaux, les mecanismes reseaux, pile de protocoles etc.",Plus de 8h,4,4,5,5,4,3,5,4,3,4,Oui,Oui,,2015-09-08 16:23:28,True,True
10,101aa41bf0f99c42f33edf8298a586d7c04ff97f1cc7ee57ff23aa81840fe7d8,a1b5c0f964857dd60d39cd650c0c1d7b,m,1967,m,Oui,Savoir analyser les proprietes d'un service et en deduire les besoins en termes de reseau,2h a 4h,5,4,4,4,4,4,3,4,1,4,Oui,Non,,2015-09-11 16:21:38,True,True
11,ee53a709f4e8984b263247f420011a65d536f3be8d52f494e74ffe9ed5c8e507,8cd5c5184d625f911473640def2b9b72,m,1976,m,Oui,"Connaitre l'internet IP, TCP et UDP et leurs propretes",2h a 4h,5,4,4,3,5,5,4,4,1,4,Oui,Oui,,2015-09-11 06:43:46,True,True
12,30381b8381ddaf913124b7c30bdbe87aab63fe74520f713b55e59d999b21d953,6dac8ab579c24356f5a4eb4d287610a2,m,1956,m,Oui,"Connaitre les architectures reseaux, les mecanismes reseaux, pile de protocoles etc.",2h a 4h,4,4,4,3,2,3,4,3,3,4,Oui,Oui,,2015-11-18 14:59:55,True,True
13,82d00828f8a756ec57e0738115993bc97569ca24df87390006d0f4df87e3ffde,1043961481ab4f6dbaf8b2f3b969f452,m,1966,p,Oui,"Connaitre l'internet IP, TCP et UDP et leurs propretes",2h a 4h,4,4,3,4,4,4,5,4,4,3,Oui,Oui,France,2015-10-07 13:59:48,True,True
14,2a163c55495e2a0407c0133e15712d19ec60eadeb3690cb0607bbccd6f877f25,4ba69522d4810133002bd4156af3bb58,m,1974,hs,Partiellement,Savoir utiliser un analyseur de reseau,Plus de 8h,3,4,4,4,5,3,3,2,3,1,Oui,Oui,Côte d'Ivoire,2015-06-10 08:51:37,True,True
15,1455bb3780b36f72ae1a93e49910abaaff62400aeec57c8a526d46c2fc08efef,c99d96ac65371f35c1040abe8ed45dde,f,1994,jhs,Oui,"routage approprie, configurer le routage",2h a 4h,5,3,4,5,5,5,4,3,4,4,Oui,Non,,2015-07-09 17:50:46,True,False
16,436d9531f9b90b1c027ef5175e5b3cae04b8a66d8b643396499e92b958d0905f,dcd8f592883fdc3965b2c3f8c2f56242,m,1985,hs,Oui,"Connaitre les architectures reseaux, les mecanismes reseaux, pile de protocoles etc.",2h a 4h,5,5,5,5,5,4,4,5,4,4,Oui,Oui,,2015-09-14 12:20:37,True,True
17,c2c2995ed23db5e17c437a7f175b5dcf061898c685e9a31cdf3f05c83905a006,e2f8c8e5c6810c9e894dd16812e5f569,m,1981,hs,Partiellement,"Savoir lire et comprendre une norme de reseau de donnees, reseau de telecoms",2h a 4h,4,4,4,3,4,3,3,3,4,4,Oui,Oui,,2015-09-17 17:39:16,True,True
18,0988102be628fd268411beaa171413ad2f663b3b85c1da67a38ddb61d051984a,fa43c570b3b460efc3e7fb109ed3fe7f,m,1975,m,Partiellement,"Connaitre les architectures reseaux, les mecanismes reseaux, pile de protocoles etc.",2h a 4h,4,4,4,5,5,3,4,4,5,4,Oui,Non,,2015-07-02 20:21:33,True,True
19,fc6243d7107a259834c2603069dd7e31631cfad36fa8b494889dbb3cb982b2e3,9c3a16aaacf14fe5b70380a609a36ce7,f,1972,hs,Partiellement,"Connaitre les architectures reseaux, les mecanismes reseaux, pile de protocoles etc.",2h a 4h,4,4,4,4,4,4,4,4,4,3,Oui,Oui,France,2015-09-24 16:23:17,True,True
20,00226a6c63b8f2840e783ed25f80c8ad3908b3ce698dfa1a6c9b5a063224010c,60ce23ed4d53f5885bd8ea8cc39c1d4d,m,1970,p,Oui,"Connaitre les architectures reseaux, les mecanismes reseaux, pile de protocoles etc.",5h a 8h,5,5,5,5,5,5,4,4,5,5,Oui,Non,France,2015-09-09 20:51:44,True,True
21,ecd2ead7f7c51c33a7714aedf75477a164f48eef90f04883d37adaa2f9e91aa1,83e6a6a7eec264aed32f9dc46bdbd21c,m,1982,m,Oui,"Connaitre l'internet IP, TCP et UDP et leurs propretes",2h a 4h,4,4,5,5,5,5,3,5,4,4,Oui,Non,,2015-08-21 13:56:11,True,True
22,33058e8d49728224249a196cfbf88fc07a4b9e3b11df38b7d8708de308c686cd,17f7afd0ec96a167c82925beb13668ab,m,1965,m,Oui,Savoir lire et interpreter le contenu d'une trame captee sur un reseau,2h a 4h,5,4,4,4,4,4,4,3,3,5,Oui,Non,France,2015-11-02 21:38:15,True,True
23,e98e69d5d4f2393ad241772fe0bd6975afc47e98a683f38bc003ee15a3a5668f,ba19575e4ac6f5ce0e1536ec8fd557f2,m,1956,p,Non,"Connaitre l'internet IP, TCP et UDP et leurs propretes",Moins d'1h,4,4,4,4,4,4,4,4,3,4,Oui,Non,,2015-08-27 06:06:47,True,True
24,479b3528bf06d620ea81b9be41d4ada8d051cfb15f6ad22314f6cf1bd8e4ce5b,19d4782c6d2736c5c18f8760a6b90c01,m,1988,other,Oui,"Connaitre les architectures reseaux, les mecanismes reseaux, pile de protocoles etc.",2h a 4h,5,5,5,5,5,5,4,4,5,5,Oui,Non,France,2015-08-28 09:03:20,True,True
25,c85c3662c93566124f03a7c7faf8850cf4dd1a832c12f9c871f6da4fcbec3033,9b939e4dc13353a076831cf938265782,f,1972,m,Oui,Savoir utiliser un analyseur de reseau,5h a 8h,4,3,4,3,3,3,4,4,3,3,Oui,Non,France,2015-08-24 08:39:40,True,True
26,567ea92bcc7ebe8062e94f8c9b8bae60ca89c169bdd50207a2ae9f68a952bf09,c388f7420fbf3eba4d8a1e4e463f68bf,f,1950,b,Partiellement,"Connaitre l'internet IP, TCP et UDP et leurs propretes",2h a 4h,4,4,4,5,5,4,4,4,4,5,Oui,Non,France,2015-09-14 08:50:51,True,True
27,a0be4fb82fbc5638b53093590614016e88e865f4218608378ca6a1c1825ecf33,3f3523db54645b95186b83a128e63e01,m,1948,b,Oui,"Connaitre les architectures reseaux, les mecanismes reseaux, pile de protocoles etc.",2h a 4h,4,4,4,4,4,4,4,3,4,4,Oui,Non,France,2015-07-02 17:33:43,True,True
28,365b905b0f4f27bd8e4987914968d7188bdb44a176e4909cd5497b4ee6bbff09,6851d2877c1840522ce358b6cf85ba9c,m,1970,p,Partiellement,"Connaitre les architectures reseaux, les mecanismes reseaux, pile de protocoles etc.",Plus de 8h,2,1,3,2,3,1,1,1,1,2,Non,Non,France,2015-09-01 11:24:27,True,True
29,5ec09b9bfa1afececa9c07f86601df5721ada4cac91e91fee7d706db8210173d,6fb0a57e24ae13c357f4c037cc072858,m,1990,hs,Partiellement,"Connaitre les architectures reseaux, les mecanismes reseaux, pile de protocoles etc.",2h a 4h,5,4,4,4,4,4,4,5,5,3,Oui,Non,France,2015-06-08 09:31:52,True,True
30,14db731b8083fb43322e9932d143e1d64a23837aad0987657179e3780652926c,e0ee7d6fec0e541827773f5593c1184f,m,1974,hs,Partiellement,Savoir utiliser un analyseur de reseau,5h a 8h,4,3,5,5,5,3,3,4,3,3,Oui,Non,France,2015-06-04 09:55:04,True,True
31,27a739632ade31739cb61f1087b85e31ba913fc71e55af701ffea0929461a71a,0f97678b31016510d9d6474b09e532f1,m,1974,hs,Oui,"Connaitre les architectures reseaux, les mecanismes reseaux, pile de protocoles etc.",2h a 4h,5,4,5,5,5,5,1,4,3,5,Oui,Non,France,2015-07-24 09:02:44,True,True
32,a2070a257b981f910bd225a64c428ac73e7498045a6f89be9e63b04f22b2e85c,118947e888ab98c191630f50dd636c1a,m,1971,hs,Oui,"Connaitre l'internet IP, TCP et UDP et leurs propretes",5h a 8h,5,5,5,5,5,5,5,5,5,5,Oui,Oui,France,2015-12-21 02:21:44,True,True
33,ccd49ffde1a5b8b6f35fb47f8f75940dce920f2b5073650b82280f22838df21d,8144ff5e1870a25a0d2f6c4c82c742ad,,None,,Partiellement,"Connaitre l'internet IP, TCP et UDP et leurs propretes",2h a 4h,5,5,4,3,4,4,4,5,Vide,3,Oui,Oui,France,2015-09-06 10:28:16,True,True
34,ec65f3bc876454e39ca981ee65025033f4531d5ba397d5db3adbba7c8937712f,c37cfec1fd4f331ffe6729402d7941ca,m,None,,Oui,"Connaitre l'internet IP, TCP et UDP et leurs propretes",Plus de 8h,5,4,5,2,3,4,4,4,4,5,Oui,Oui,Belgium,2015-09-08 14:24:23,True,True
35,47da8a719b23becdc2a7019e7eea181010219bc4a1fed3f9bf9812a2cd0ab139,5071594348e6887897656b04e5f02382,m,1951,m,Oui,Savoir utiliser un analyseur de reseau,Plus de 8h,4,4,4,4,5,4,3,5,4,5,Oui,Non,France,2015-06-06 19:55:03,True,True
36,17b814bbfc766e1d4f0453d5642826a5e462396b6c0644f1c17eca3274246b14,8101772aaa86f695df3e92c6db0d1a2a,m,1963,m,Oui,"Connaitre les architectures reseaux, les mecanismes reseaux, pile de protocoles etc.",5h a 8h,3,3,4,4,4,4,3,3,4,4,Oui,Non,France,2015-10-23 13:53:58,True,True
37,9826146ae40bf754de503fabc4b28fe60584dbe38870281492d36e0dbd805dcb,8c43c3a807d934b2d8c64f0473a8254f,m,1983,m,Oui,"Connaitre l'internet IP, TCP et UDP et leurs propretes",2h a 4h,4,4,4,3,3,1,4,5,2,5,Oui,Oui,Côte d'Ivoire,2015-09-04 18:15:42,True,True
38,a7ca2faf7b2f7fa450c07ecf289d8a51a7edf53a6cce3c27197621434aa2b679,999b035c320c6cd051dfe8e0c6a1b27a,,None,,Oui,"Connaitre les architectures reseaux, les mecanismes reseaux, pile de protocoles etc.",2h a 4h,4,4,4,4,4,4,4,4,4,4,Oui,Oui,France,2015-12-22 18:00:47,True,True
39,f413f701aa5b018267cab1bb1a72013c0e2c601fd2cc389ac2ae1fd9f0543bea,1840ec5f7967bd8a47705dfd56eb67bb,f,1959,b,Oui,"Connaitre les architectures reseaux, les mecanismes reseaux, pile de protocoles etc.",5h a 8h,4,4,4,3,Vide,Vide,Vide,Vide,Vide,3,Oui,Non,France,2015-06-04 08:05:32,True,True
40,a897438e725c2f26e56bda85b997c90743e20f49deab1b382203251cc6f49b5d,e9b1c3677b5e432bb133d98cbd4cdd43,m,1992,m,Oui,"Connaitre l'internet IP, TCP et UDP et leurs propretes",2h a 4h,4,4,4,4,4,4,4,4,3,4,Oui,Oui,Togo,2015-07-14 18:01:11,True,True
41,2d54fe5053b7210bc7ae47ea0fbaa069548f92316e11544ad4af0362b767f463,98e064116b11e1cb52dc95f15fbd61a3,m,1966,b,Oui,"Connaitre les architectures reseaux, les mecanismes reseaux, pile de protocoles etc.",2h a 4h,5,5,4,4,5,5,4,4,4,5,Oui,Non,France,2015-08-13 10:21:35,True,True
42,d79008e3c5a3f00cecc32f290cca58f1d7b378418355dcd99acbd077fd090710,53ec9381c92bbfac2f8b3b1829d2ba97,f,1992,m,Oui,Savoir lire et interpreter le contenu d'une trame captee sur un reseau,2h a 4h,4,4,4,4,4,4,4,4,4,4,Non,Oui,Tunisia,2015-11-03 09:29:04,True,True
43,012465adc1e070d6b6f523175d6c9a26057293823b4d6f453aa17038df214f56,ed78bf568938cde7e7f1cdf2cd4d8057,m,1962,jhs,Oui,Savoir lire et interpreter le contenu d'une trame captee sur un reseau,5h a 8h,3,4,4,4,4,4,5,4,2,4,Oui,Non,France,2015-10-01 20:13:17,True,True
44,ffc999d69291d80f04ea4b69515bc39248564394532d5451dd0eb7f5d56e5086,e9613b691cb1dca37827a9982581b755,m,1975,m,Oui,"Connaitre les architectures reseaux, les mecanismes reseaux, pile de protocoles etc.",Moins d'1h,4,4,4,4,4,4,4,4,4,4,Oui,Non,France,2015-09-17 16:33:29,True,True
45,a77c2243c6ff7667d48d75ddf2c02938e6162e7a365a0315f0def4df027ca866,82478d9221e0085e4f728c74a6f9f807,m,1962,m,Oui,Savoir analyser les proprietes d'un service et en deduire les besoins en termes de reseau,Plus de 8h,5,5,5,5,5,5,5,4,4,5,Oui,Oui,France,2015-06-25 23:09:58,True,True
46,f04657321411fd1f4b00c3a69bd42695cf2df3d49e5502d3bba64bb2784cc6df,4cc103050ba33ac6b64b840d269480e2,f,1992,m,Partiellement,"Connaitre l'internet IP, TCP et UDP et leurs propretes",Vide,5,5,3,4,4,3,4,3,4,4,Oui,Oui,Morocco,2015-09-02 22:25:17,True,True
47,4c6e7873ebfbae46c5288b4abf145ec50640fb6a8b209d09ee0ad53472c22f49,aef47135ae02d3eb47073bde0518391c,m,1963,hs,Oui,Savoir analyser les proprietes d'un service et en deduire les besoins en termes de reseau,2h a 4h,4,4,4,4,4,3,4,4,5,4,Oui,Oui,France,2015-08-17 05:23:46,True,True
48,a4a94d952bffbe7db8decae5a56bcf6e4ff44b246c41542b2f01e6ce01eb7a48,1c83b10046521818763028e821424bcc,m,1978,m,Partiellement,"Connaitre les architectures reseaux, les mecanismes reseaux, pile de protocoles etc.",2h a 4h,4,5,4,4,4,3,5,4,3,4,Oui,Oui,Burkina Faso,2015-06-15 17:37:22,True,True
49,41a355cee8119f2584b307d7b79c0020b4b0237b28ccd28028db1088ca77f522,4e93e2b37b15fed3f96a056a1c83e4a0,m,1931,p,Non,Savoir analyser les proprietes d'un service et en deduire les besoins en termes de reseau,Moins d'1h,3,Vide,4,Vide,Vide,Vide,Vide,4,Vide,Vide,Oui,Non,France,2015-07-20 05:14:55,True,True
50,318cd3f2a414d48895b4c608da063f31f56a7dc3d7b79483de66a587478797d6,0ead6d8399e4fcf5dc9f39df442aeab5,m,None,m,Partiellement,"Connaitre l'internet IP, TCP et UDP et leurs propretes",2h a 4h,4,4,3,3,4,3,4,3,2,4,Oui,Non,Canada,2015-07-16 13:54:44,True,True
51,7224972a00e163fc54041359cdde0cc2eaf81d45da8aeb038598a0c7e3510745,d9f7a1933a5112c581bc1f3d1ab769dd,m,1976,m,Oui,"routage approprie, configurer le routage",2h a 4h,4,5,5,5,5,5,4,3,2,4,Oui,Non,France,2015-10-11 22:49:07,True,True
52,568be8ca63233dcc0dea438d9eb76c42c228ccbfb92a6ffc8efcdd96418301fc,51fe210663d903d4ec6c75630a0a453e,m,1982,p,Partiellement,"Connaitre l'internet IP, TCP et UDP et leurs propretes",2h a 4h,5,4,4,4,4,4,4,4,4,4,Oui,Oui,Algeria,2015-06-25 00:55:34,True,True
53,b050330dd47cb5c6ccf18cba4dc84ca3167dec7d5c680f6dfd003ec6fcdbdc16,3ce5bd87f676ce603b3cd889d4e5c212,m,1990,b,Oui,"Connaitre l'internet IP, TCP et UDP et leurs propretes",5h a 8h,3,3,3,4,5,4,3,3,2,3,Oui,Non,Côte d'Ivoire,2015-09-10 16:31:36,True,True
54,9a61734cbcc711d54bd6e8e93cf561634a2aa7bafe0a74c33d7c5fffcac1fc51,6b0b04bfd95ff7004309a39e3f47f6e2,m,1965,b,Partiellement,"Connaitre l'internet IP, TCP et UDP et leurs propretes",5h a 8h,4,4,3,4,5,3,3,3,4,4,Oui,Oui,France,2015-09-17 05:31:09,True,True
55,d1c9f277885d20476fe06411912fd39a23289eaf50c2fcee537b755cf91d66c2,7b6c32f9393079dc18333beca6097088,m,1988,hs,Partiellement,"Connaitre l'internet IP, TCP et UDP et leurs propretes",2h a 4h,4,4,3,3,4,3,4,4,1,2,Oui,Oui,Côte d'Ivoire,2015-08-03 17:45:59,True,True
56,d9328dcc1420073b93b691456b09e78bfbe375335920cf36cf7622da518a048e,fc4e714460c3f08d6644b9a0440d3925,m,1977,m,Oui,"Connaitre les architectures reseaux, les mecanismes reseaux, pile de protocoles etc.",2h a 4h,5,5,4,5,5,3,4,4,5,4,Oui,Non,Tunisia,2015-06-09 10:13:46,True,True
57,359544a2871cf91e08f74f0b2a6a457bb71c36922bae1b23c5b6e197eddb3aac,1e114a1e885152c1777912b84f54058c,m,1983,m,Partiellement,"Connaitre les architectures reseaux, les mecanismes reseaux, pile de protocoles etc.",2h a 4h,4,4,5,4,1,Vide,3,4,Vide,4,Oui,Non,France,2015-09-20 11:34:18,True,True
58,3144474c336f04ae82d7c035fa8861d0f2b137012c7c1863f9ebd39c0e965551,6b784d552c4eb15940dbe3dd5bafe0b9,m,1964,b,Oui,"Connaitre les architectures reseaux, les mecanismes reseaux, pile de protocoles etc.",5h a 8h,5,5,3,5,5,5,1,3,4,4,Oui,Non,French Polynesia,2015-06-11 08:09:11,True,True
59,2511a4d2d54ef9a92c670bfbd0c5558241fa8a94c6e340913ac763fa08de6f12,84d8377b7fd94a4abe157a9b9064fa01,m,1971,m,Oui,Savoir analyser les proprietes d'un service et en deduire les besoins en termes de reseau,2h a 4h,4,4,4,4,4,4,4,4,4,4,Oui,Non,France,2015-07-11 22:10:01,True,True
60,73467900e954cff5b86efbdca550cf9b04214a330ad736e4100cf754d0e3450e,08a1e5bae9c04905824f39bccdbb6ea3,m,1980,hs,Partiellement,"Connaitre les architectures reseaux, les mecanismes reseaux, pile de protocoles etc.",2h a 4h,3,3,3,3,2,3,2,3,3,3,Oui,Oui,Côte d'Ivoire,2015-06-06 23:49:43,True,True
61,8827fc76d74bf0adb8ab5e9d670dabfb6a87776904dfa5b2cb8935d8a694678f,98b7224f69aea7054341932a8cbf00d3,,None,,Partiellement,Savoir lire et interpreter le contenu d'une trame captee sur un reseau,2h a 4h,4,4,4,4,4,3,4,4,3,4,Oui,Oui,France,2015-12-20 20:27:36,True,True
62,5917aafa04c15f52843650d8af8b1eba7fa320d64ad691ffeac8b8fe3928d0bc,745b511b0acb2798cb8d8c4bf07d3e46,m,1987,m,Oui,"Connaitre les architectures reseaux, les mecanismes reseaux, pile de protocoles etc.",5h a 8h,5,4,5,5,5,5,5,5,4,4,Oui,Non,France,2015-06-27 21:29:01,True,True
63,acbb95022ea0854b532970429678706399fa2d5083c2a0a7ebd6c253f239c5bb,60767d42a6cb55e38bbf6e430085dcfa,,None,,Oui,"Connaitre l'internet IP, TCP et UDP et leurs propretes",2h a 4h,4,3,2,3,3,3,4,1,2,5,Oui,Non,France,2015-06-14 11:15:20,True,True
64,8ca0dfc0817e6d76c8f67277b24b1bf652c643bcbd4f9e995633e64bb7f7d5ee,f3524c4ad454e9b8921d2e1eefa428c7,m,1987,m,Oui,"Connaitre les architectures reseaux, les mecanismes reseaux, pile de protocoles etc.",2h a 4h,4,4,5,5,5,5,4,4,4,5,Oui,Non,France,2015-09-05 21:30:18,True,True
65,e2fd829794a0fb5e9dc32b20cde1d6149bce8f6c94552ab396127fd48c12c96b,ef77dc577646f3dd066420b7971d1e9f,m,1940,m,Non,Vide,Vide,Vide,Vide,Vide,Vide,Vide,Vide,Vide,Vide,Vide,Vide,Non,Non,France,2015-09-09 18:23:44,True,True
66,db9df6db996dc42fc9c9167d5ac2ac5386d4fbf8ad5dfc3c26f14c60ac4e9459,3b2b8bdddbf45c315e344ee087d78a07,m,1983,m,Partiellement,Savoir utiliser un analyseur de reseau,2h a 4h,3,2,2,2,4,3,3,3,3,4,Non,Non,China,2015-09-17 01:54:27,True,True
67,85cc354052172051210b8845bb2b040549cdd8f089f75bff99e6054ec8f446dd,73da233bd6b0ce413ad43c5f4d76b144,m,1976,hs,Oui,"Connaitre les architectures reseaux, les mecanismes reseaux, pile de protocoles etc.",2h a 4h,5,5,4,5,5,5,4,3,5,5,Oui,Non,France,2015-06-03 21:42:40,True,True
68,fa73f83a8babcfafcb9e50f603c94a45587953adec4490514f056f64ed367ee3,539559f65c620e0a71eae1b55b314a73,,None,,Partiellement,"Connaitre l'internet IP, TCP et UDP et leurs propretes",Moins d'1h,4,4,4,4,4,3,3,4,4,4,Oui,Non,Canada,2015-06-15 14:20:09,True,True
69,0af836c134c36f89281bf0fd547991113e471aecfa5c77038476eabf0f2da3f6,d69fd70db0e334c534b620eba4cae6f2,m,1969,m,Oui,"Connaitre l'internet IP, TCP et UDP et leurs propretes",2h a 4h,2,5,4,4,4,4,3,4,3,4,Oui,Non,France,2015-09-27 05:00:46,True,True
70,a6c092b1a8b54596473f9396c428a9e0c217d194a53844739919e7187e657fc8,192746688e2ff7a2ca4f91cfd9968234,m,1960,m,Oui,"Connaitre l'internet IP, TCP et UDP et leurs propretes",5h a 8h,5,4,5,4,4,4,3,1,1,5,Oui,Non,France,2015-07-14 16:56:14,True,True
71,dabd052dda92542b22c608d6f536b433ca74b006e540d5a1c3e20037df70aeba,5d85b5ee4fd73cc58df20123874d321d,m,1969,m,Non,Vide,Moins d'1h,Vide,Vide,Vide,Vide,Vide,Vide,Vide,Vide,Vide,Vide,Oui,Oui,France,2015-09-23 08:59:52,True,True
72,a857b5967294afb2ffa72099302d26c7faf695ba90dd0a0cfb9bccde4dd67da3,8ade16b59806d423bb04a6f9b156e820,m,1972,m,Oui,"Connaitre les architectures reseaux, les mecanismes reseaux, pile de protocoles etc.",2h a 4h,5,4,4,4,4,4,2,3,4,4,Oui,Non,France,2015-07-05 20:55:57,True,True
73,ea758c83958903a1074d20e980c9ecb7971fb74fed81a212d74379160b39bced,398f40744854d37e1b262450b84adca2,m,1973,hs,Oui,"Connaitre les architectures reseaux, les mecanismes reseaux, pile de protocoles etc.",5h a 8h,4,4,4,4,4,4,4,4,4,4,Oui,Non,France,2015-06-04 19:04:27,True,True
74,a7d0c06b9c875d7fbd67f80ff67113fbb5625c3bb1c00ce318af506a21ef46a2,4992ef419596a034f1d1698d5b407fb7,m,1991,m,Oui,"routage approprie, configurer le routage",2h a 4h,4,4,4,4,4,4,4,4,3,5,Oui,Oui,Tunisia,2015-06-18 03:49:36,True,True
75,4c6e45872010602f728d3ac2cbe20783363226100de2fe757f901872f31f4145,1c2e422c7d0f4cf0c27d079041c2194f,m,1958,m,Oui,"Connaitre l'internet IP, TCP et UDP et leurs propretes",5h a 8h,5,5,5,5,5,5,5,5,3,5,Oui,Non,France,2015-06-24 16:01:28,True,True
76,eec1b4a74574e7d9f7ef50e2b622e79dee8fceb068fbaea131ebf1e37ddac358,d88f28f873e23456838dfc2c976c5ed6,m,1993,b,Oui,Savoir utiliser un analyseur de reseau,Plus de 8h,5,5,4,4,4,3,4,3,3,3,Oui,Oui,Madagascar,2015-06-25 05:17:28,True,True
77,6704034e7c021b8401264032e08a20b1bcdb8336c4e54a2aba9952dbf825dcb1,1af8f2605e29db78c939e7009ee2b8a1,,None,,Oui,"Connaitre les architectures reseaux, les mecanismes reseaux, pile de protocoles etc.",Plus de 8h,4,5,3,5,5,5,3,4,3,4,Oui,Non,French Guiana,2015-06-29 21:50:03,True,True
78,44f74db94c6799d207f793f20ee06112804956dfb4056f341e40c3d07e595ad2,5500ad022cc80d171dafe5f5382156b6,m,1993,b,Partiellement,"Connaitre l'internet IP, TCP et UDP et leurs propretes",2h a 4h,4,4,4,4,4,Vide,4,4,5,4,Oui,Oui,Guinea,2015-06-30 23:53:45,True,True
79,84eac0cd63c50674c8445f81bdefadd1ddc8ecdb23bd5b5d1b2a6aa30f15b99c,595d1eae5e5976f828a539a767fcd0ec,m,1980,b,Oui,"routage approprie, configurer le routage",Plus de 8h,4,4,2,4,3,4,3,2,3,4,Oui,Non,France,2015-07-08 19:32:39,True,True
80,452939ce9a1ade3d0efb8fad0268a578e0116b204116ff79a03ed47a5ccec87c,3f3ac97e4745e8cca22e7cbcc20c96fe,m,1954,m,Oui,"Connaitre l'internet IP, TCP et UDP et leurs propretes",5h a 8h,5,5,4,4,4,4,5,5,3,4,Oui,Non,Belgium,2015-07-13 08:24:38,True,True
81,94b632233c8dba7f9731a7cc7a1498e337bbe99c136f71da57a8efa54080ba43,e6c2522585b59473c15a1c490893358f,m,None,hs,Partiellement,"Connaitre les architectures reseaux, les mecanismes reseaux, pile de protocoles etc.",2h a 4h,Vide,Vide,Vide,Vide,Vide,Vide,Vide,Vide,Vide,Vide,Vide,Vide,Algeria,2015-07-13 18:24:46,True,True
82,f13c874f7b3d8ea3f30823bc3f4f2828ee87b164d001e1afa018afc48445565b,60fcad78eb4116e34f2fc8094076625d,m,1973,other,Oui,"Savoir lire et comprendre une norme de reseau de donnees, reseau de telecoms",2h a 4h,5,4,3,4,4,3,2,4,3,4,Oui,Non,France,2015-09-14 08:56:35,True,True
83,4f82b63e189aa5f964e69963c0cfb24c0b9157f9761ef0af0063f860954113ab,b229fc36b4042eaba0ade905b1aef1d7,m,1977,b,Oui,Savoir analyser les proprietes d'un service et en deduire les besoins en termes de reseau,2h a 4h,4,3,2,2,3,1,1,2,2,2,Non,Oui,France,2015-12-19 02:03:57,True,True
84,8b3ef6b3deda9405311dc2cfa914042eef39b333e573aac1e446c4a65a89c2fb,244a2e372503de8b78a268184848593e,m,1981,hs,Oui,"Connaitre les architectures reseaux, les mecanismes reseaux, pile de protocoles etc.",5h a 8h,Vide,5,1,5,1,1,5,2,2,3,Oui,Oui,Côte d'Ivoire,2015-07-27 00:05:53,True,True
85,9100ab1adba72523deeba17aecdd664e538cde714fbf440282263ebc41c6ee4c,f49553bb109b5cba904598c103d3022a,m,1977,m,Partiellement,"Connaitre les architectures reseaux, les mecanismes reseaux, pile de protocoles etc.",2h a 4h,4,4,4,4,4,1,4,3,3,4,Oui,Non,France,2015-09-12 10:11:24,True,True
86,8aa1aeee56b8563268bfa6a67c94e0a2bfec98542b91f765be9e673a8250409f,a187bf000d2229a23bcd98512f54d32b,m,1983,m,Oui,"Connaitre l'internet IP, TCP et UDP et leurs propretes",2h a 4h,5,5,Vide,5,5,Vide,4,4,Vide,5,Oui,Oui,Côte d'Ivoire,2015-07-30 14:02:24,True,True
87,5022c58b7a95ce895d7ca4b495e82bdce9e3e2dc58728e714997a2b44292609f,d7fd0120f754225c1efa3c511d46a7bf,m,1996,jhs,Oui,"Connaitre l'internet IP, TCP et UDP et leurs propretes",Plus de 8h,4,3,4,3,3,3,4,4,4,4,Non,Oui,Niger,2015-08-11 13:47:16,True,True
88,8c2d64672ddc884061e0e322eefbbf845388d06f5e3a8543658c7fa55a3135e5,5818a3e48c7e001dc3910dc49d45033d,,None,hs,Partiellement,"Savoir lire et comprendre une norme de reseau de donnees, reseau de telecoms",Plus de 8h,5,5,5,5,5,5,5,5,5,5,Oui,Oui,France,2015-08-09 13:58:55,True,True
89,da8bfc1a87804456343f04363d6f1955787a43b56ee35b88e5231edbb484feb8,16d037617d6cc585f45e3a246ab45bc0,m,1981,hs,Partiellement,"Connaitre les architectures reseaux, les mecanismes reseaux, pile de protocoles etc.",5h a 8h,4,3,4,5,5,5,3,4,4,4,Oui,Non,New Caledonia,2015-09-14 21:13:00,True,True
90,ad5df5e6b24acd830f9ea6a8b93fb62aa6382807820f3c2205539c6f4f9dfe11,ea606481018f281050454645d6babe64,m,1988,b,Partiellement,"routage approprie, configurer le routage",2h a 4h,4,2,4,3,2,4,4,4,2,3,Oui,Oui,Benin,2015-09-14 11:32:41,True,True
91,e7dc7fbe038f97b7c9f7e590c55a48e82c39b2b5cfaf563142c43d6672547f3f,21de69a3524c9c5d05d691ebd7636162,m,1976,m,Partiellement,Savoir utiliser un analyseur de reseau,Plus de 8h,3,4,4,4,5,3,3,2,3,2,Oui,Vide,Côte d'Ivoire,2015-08-12 17:49:58,True,True
92,ae503651f0fec9c73fa551469d27dd10303ef5d6b618816d1b72b137f87a71d2,9ce32fa04aaf495296fba5d38ac0a501,m,1987,m,Partiellement,"Connaitre l'internet IP, TCP et UDP et leurs propretes",2h a 4h,5,5,5,5,5,5,5,5,5,5,Non,Oui,Morocco,2015-08-14 15:40:19,True,True
93,3e00d46c4cb55c6a7802165c28b21250aea296d959d7bffc5981c7faccd68295,82ccedd32829831da727acdb6f469c1c,m,1970,hs,Oui,"Connaitre les architectures reseaux, les mecanismes reseaux, pile de protocoles etc.",5h a 8h,5,5,4,4,4,Vide,4,5,5,4,Oui,Non,France,2015-09-03 21:03:27,True,True
94,5eb98fae2a18dbf64581e4bbfb8800dede92121a08f6c0569eebad15cfe9987f,7cc6060f183877ef68713a6d58640d9d,m,1980,m,Partiellement,"Connaitre les architectures reseaux, les mecanismes reseaux, pile de protocoles etc.",Moins d'1h,4,3,3,3,3,3,4,2,3,4,Oui,Oui,Congo,2015-08-19 11:51:09,True,True
95,e517da0d3d7b34edf61da9fe6946a642a9679664a8a02890ca47a49af4183390,a5dbf765285d547cc0640ceb2b119a90,m,1979,p,Oui,"Connaitre les architectures reseaux, les mecanismes reseaux, pile de protocoles etc.",5h a 8h,4,3,4,4,4,3,Vide,Vide,Vide,4,Oui,Non,France,2015-09-28 20:31:24,True,True
96,f927c7e33557d8335db271e0a699d969877db0e0facd7bfe919c3fb7966f6cd8,c5fc8fedb0ea947b7c31cfcdc73d1d5d,m,1965,jhs,Oui,"Connaitre les architectures reseaux, les mecanismes reseaux, pile de protocoles etc.",5h a 8h,4,4,4,4,4,4,5,3,4,5,Oui,Oui,France,2015-11-26 16:17:20,True,True
97,1c8eda14717e255fa633f00414f04d0b36eceb722e55bf683cf7a3f8b2d5b1e5,630635bf1af14db95a36db89312ca900,f,None,m,Partiellement,"Connaitre les architectures reseaux, les mecanismes reseaux, pile de protocoles etc.",2h a 4h,5,4,5,4,4,3,4,4,3,4,Oui,Non,Morocco,2015-09-16 18:56:34,True,True
98,5bb38b8b9a48ef793bebd48568d27c69982b9fb6f31dceb94d7fc650e65ee155,1b14853d59c0e3732f546968dc9d443f,m,1993,hs,Oui,"Connaitre les architectures reseaux, les mecanismes reseaux, pile de protocoles etc.",2h a 4h,5,4,3,3,5,3,4,2,4,4,Oui,Oui,Congo (the Democratic Republic of the),2015-09-25 17:09:24,True,True
99,6014e8a1035b5a73bc74d4f2e899acb0f42634fd4cfa54f17a80a58fb35b797a,a3b3626948f78362c62c2679d115dbf9,m,1982,hs,Partiellement,"Savoir lire et comprendre une norme de reseau de donnees, reseau de telecoms",Moins d'1h,4,4,4,4,4,3,4,4,3,3,Oui,Oui,Burkina Faso,2015-08-31 19:06:15,True,True
100,4e1b2d9d28e19f9be3ad222a5f0898e95e6d8e3d3f3bce44302692a601b016d0,e5c6080231d5bc72274ce0edf9b82d72,m,1980,hs,Partiellement,Savoir analyser les proprietes d'un service et en deduire les besoins en termes de reseau,2h a 4h,4,5,4,4,4,4,3,3,4,5,Oui,Oui,Congo,2015-08-26 12:52:25,True,True
101,75d5540a2fabd9914e6985d09f32b9bfeb1b3850301b39335060eab45f373547,e2167a139d5bdc03e253272816f46a12,,None,,Oui,"Connaitre les architectures reseaux, les mecanismes reseaux, pile de protocoles etc.",2h a 4h,5,4,4,4,4,4,3,3,3,3,Oui,Non,France,2015-09-22 14:24:29,True,True
102,ea22d6679e41be43db8a48ecc958c957b380f066b26c62b64014aa776107ca30,f79b75c4349f7697d99a2205e6a243bb,,None,,Partiellement,Vide,Plus de 8h,4,4,4,4,4,4,Vide,4,Vide,4,Oui,Non,France,2015-09-03 15:16:28,True,True
103,623532649cabc56f89772f1120d75683197d745561325d712c0676bf81546ee1,e87836547023205fc784e5679ab921cb,m,1977,m,Oui,"Connaitre les architectures reseaux, les mecanismes reseaux, pile de protocoles etc.",Plus de 8h,5,4,5,4,4,4,5,5,1,5,Oui,Non,French Polynesia,2015-11-28 07:38:31,True,True
104,5b25597b7c23c8362aa9be29db75247fe1c2933512eba1212e622ccd3f42381b,006d72657c8993fcd0d4d299a1ee30de,f,None,m,Partiellement,"Connaitre les architectures reseaux, les mecanismes reseaux, pile de protocoles etc.",2h a 4h,4,4,4,4,4,4,4,4,4,4,Oui,Non,France,2015-09-26 08:06:56,True,True
105,6a13123b9b565f9faf153b3052d9875e28c7a1e5d569ed1deed0edd33b497cfc,4b5c6873fbaae92d1a24ea56868722e9,m,1983,m,Oui,"routage approprie, configurer le routage",5h a 8h,4,4,4,4,5,4,4,3,4,5,Oui,Oui,Algeria,2015-09-06 12:55:02,True,True
106,63d2b6a4aa74e2cb2072d6e80a5d639fcea615afef40525800b9c5a3688fedf0,8da4cd6d03fd78b69f4bbd1a1ab15e7d,f,1978,m,Oui,"Connaitre l'internet IP, TCP et UDP et leurs propretes",Plus de 8h,4,4,3,4,4,3,4,4,3,3,Oui,Oui,France,2015-10-05 09:17:17,True,False
107,47c8f181246c02fcb7466928189cc3195d8f470ebe125a0edf4a6efb86ba4a62,2d2e83463a0c0e66fad5fc1e4c64cb5c,m,1980,m,Non,Vide,Moins d'1h,Vide,4,2,Vide,Vide,Vide,Vide,Vide,Vide,1,Oui,Oui,France,2015-09-08 09:50:24,True,True
108,5f13732eb6a104847ca631e20568fa79e79b99cc2692db851be61112d2ccb082,a0bf3d1c8cb234922c0bf587df8a1d34,f,1963,hs,Oui,Savoir lire et interpreter le contenu d'une trame captee sur un reseau,2h a 4h,4,4,4,4,Vide,Vide,Vide,Vide,Vide,4,Oui,Non,France,2015-10-13 13:57:55,True,True
109,feb52d4c3d023c243a9d948e7313930b97858e99d84a8f6632eeb32c6e4efa39,884690a388633a9b0b0019f8f64ac271,m,1984,hs,Partiellement,"Connaitre l'internet IP, TCP et UDP et leurs propretes",2h a 4h,4,3,3,4,3,3,4,2,1,3,Oui,Oui,Cameroon,2015-09-09 15:36:46,True,True
110,64c5ca607de6bd6d00ca101146efaf40517f1d2ecbc3f532195fb35dc7ee150b,6ad553577d33690b308465bc2b6b6ec9,m,1987,el,Oui,"routage approprie, configurer le routage",Moins d'1h,4,4,4,4,4,4,4,4,3,4,Oui,Oui,Haiti,2015-10-01 15:02:06,True,True
111,365338529da6e2c562b5946495fd1916bc593155d65c90fa2fa0e02b75f886fe,5dd56ee7773a6efe8fd98d98e282ce3b,m,1978,m,Oui,"Connaitre les architectures reseaux, les mecanismes reseaux, pile de protocoles etc.",2h a 4h,5,5,4,5,5,3,3,3,4,4,Oui,Non,France,2015-09-17 21:57:22,True,True
112,4a00f9177b10669361783a6b34697af7ed5d131224f47146ae3197ff3fbae237,1c23e3ed766ebd68ca787c220631afe8,m,1988,m,Oui,"Connaitre les architectures reseaux, les mecanismes reseaux, pile de protocoles etc.",2h a 4h,4,5,4,4,5,4,4,4,3,4,Oui,Oui,Tunisia,2015-09-11 17:11:00,True,True
113,7e76d499aa0cb81917a00519faadfc54e6b4e6b4443e27f8f043d6df0ba7d84e,5bd26c1c76b5bb32914dde191e82e253,m,1970,p,Oui,"Connaitre les architectures reseaux, les mecanismes reseaux, pile de protocoles etc.",5h a 8h,5,4,3,4,4,4,4,3,4,4,Oui,Non,France,2015-09-15 20:30:48,True,True
114,07379786ff1fa3019ec19bcb64412010b2d3076d7153e5d54d13d0d5c1cb0721,002b7b6a521aa52bc84112b3c6775103,m,1982,m,Partiellement,"Connaitre l'internet IP, TCP et UDP et leurs propretes",2h a 4h,4,4,5,4,4,3,4,2,4,4,Oui,Oui,Tunisia,2015-09-28 10:46:28,True,True
115,9371c6c03686201d0755276ac34cb8ed19842b59bdd55c5273fd1a968b9cccf9,1b1de8dc84012573208874fa0588983f,f,1982,m,Oui,"Connaitre les architectures reseaux, les mecanismes reseaux, pile de protocoles etc.",Plus de 8h,5,3,3,4,4,3,5,4,5,4,Oui,Oui,Algeria,2015-10-27 21:04:53,True,True
116,ee578385e44d48f50568f257d4967ead52723dd81dd2d20fd5891a3e04fdfd38,30bc55719e8955093b132e3cc59d4e5d,f,1975,m,Oui,"Connaitre l'internet IP, TCP et UDP et leurs propretes",5h a 8h,5,4,4,4,3,4,4,4,4,3,Oui,Non,France,2015-09-18 05:41:37,True,True
117,83cfbea6a28574bb44c9f94abaf5e42c8c6b08cf5da74aa9c34d45957e7def45,359e51833218ec5f066d2b42dd6d1fc6,m,1972,hs,Oui,"Connaitre les architectures reseaux, les mecanismes reseaux, pile de protocoles etc.",Plus de 8h,4,4,3,2,2,1,3,3,3,3,Oui,Non,France,2015-09-19 15:52:49,True,True
118,40ff86000895521bb67b7b42fdaac28dca4ab48695b5c0998961302f7932dc38,41d20d5e549594227f82dee80acddf43,m,1956,,Oui,"Connaitre les architectures reseaux, les mecanismes reseaux, pile de protocoles etc.",2h a 4h,4,4,4,4,3,Vide,Vide,3,Vide,4,Oui,Non,France,2015-09-18 18:46:53,True,True
119,df6d154272b789fb34d2c6981dc7bb7a7b32b5ebc63d6ae79bfa28b1eaee1d4a,8358a26ba5bddec7c802f3f74479c395,m,1993,jhs,Partiellement,"Connaitre les architectures reseaux, les mecanismes reseaux, pile de protocoles etc.",2h a 4h,4,4,3,5,3,3,4,4,2,3,Oui,Oui,Tunisia,2015-09-18 22:57:43,True,True
120,fc22ed6f69e5a1b643599887c1d46af331156d564e784db6c53067e49cdfd6bc,ea620acbac05af9e9fe243e0efdbf0a1,m,1994,m,Partiellement,"Connaitre les architectures reseaux, les mecanismes reseaux, pile de protocoles etc.",Moins d'1h,2,4,3,5,4,4,4,4,4,4,Oui,Oui,Tunisia,2015-09-19 09:49:22,True,True
121,e3cb7b7f50348b14ec25bcea721aa219c1d18bce2d7021fef85ff1f6d4167c44,da6a385cd96b721162f7c0293464f5d7,m,1994,other,Partiellement,"Connaitre les architectures reseaux, les mecanismes reseaux, pile de protocoles etc.",5h a 8h,3,5,4,4,5,3,5,1,1,4,Oui,Oui,Tunisia,2015-09-19 19:11:33,True,True
122,62630e131b9d645fde6bebb993fd47524c582175cbcb6dfe6bd04bf58d27bac2,6259532c14146b2c03360831ecad56a5,m,1994,m,Partiellement,"Connaitre les architectures reseaux, les mecanismes reseaux, pile de protocoles etc.",2h a 4h,3,5,4,5,5,3,2,1,4,4,Oui,Oui,Tunisia,2015-09-19 21:18:20,True,True
123,a39fbb5f0d12302f1e73b981873e0a8eac6c24b94b6e9a0128001a421ee999cc,c68d17da7ec76e8287b4624cedf175e0,m,1995,m,Oui,Savoir analyser les proprietes d'un service et en deduire les besoins en termes de reseau,Moins d'1h,4,5,4,5,5,5,4,1,5,4,Oui,Oui,France,2015-09-30 16:53:26,True,True
124,cdfa51c582fb8fd258e7fa328121e98521f6c7bdbf6dcf32648c6c1da1382891,c4725e3489508650a4ad562253596bb8,f,1994,m,Partiellement,"Connaitre l'internet IP, TCP et UDP et leurs propretes",5h a 8h,4,4,5,4,4,3,3,4,4,4,Oui,Oui,Tunisia,2015-09-21 17:35:01,True,True
125,837ea1a17486c8c7bc69ca5d0865c6ee9da93688797ffb549834bb82cc8e3627,4b1553685ad8bab22e20253450c0c317,m,1994,,Partiellement,"Connaitre les architectures reseaux, les mecanismes reseaux, pile de protocoles etc.",Plus de 8h,3,4,4,3,3,3,4,4,3,2,Oui,Oui,Tunisia,2015-09-21 18:21:33,True,True
126,552f1fcad7f923cccd301bd957632e7842356b439d7636341c026cdab4cbc21d,443953bd5423c25390490b33fa07999d,m,1994,m,Partiellement,"Connaitre l'internet IP, TCP et UDP et leurs propretes",5h a 8h,3,4,4,4,4,3,3,3,3,4,Oui,Oui,Tunisia,2015-09-21 22:29:45,True,True
127,cc9c9737a39fdc1dcc2eb8f0e0af06bfe82bd5203910dd577b01f42da0ba3862,feb9311b18683121f15a03f9a231a482,m,1994,hs,Oui,Savoir lire et interpreter le contenu d'une trame captee sur un reseau,5h a 8h,4,4,4,4,5,5,4,4,4,4,Oui,Oui,Tunisia,2015-09-21 22:34:57,True,True
128,42ed7c569d9a11a6408e2cc527db220b3a56a915c5e6053a2514a08069ab4605,af13cff59a76b9d167f53047fa78986b,,None,p,Oui,"Connaitre les architectures reseaux, les mecanismes reseaux, pile de protocoles etc.",2h a 4h,5,4,4,5,5,4,3,1,1,4,Oui,Non,France,2015-10-06 12:04:58,True,False
129,3e92259cb4f2db3efec9791360c3901b976edb3e7fa6b0ef433a37d096501e34,87bd0fd36d5367e86aca85eb200618ca,f,1994,b,Partiellement,"Connaitre les architectures reseaux, les mecanismes reseaux, pile de protocoles etc.",5h a 8h,4,4,4,4,3,4,3,3,4,3,Oui,Oui,Tunisia,2015-09-22 21:02:35,True,True
130,9cee4b0590b1a939174dcd096df58df66953671fd99123d9bfbc8de9fffb3376,0d0f09635845d755f913b4ad6ca98c05,m,1994,m,Partiellement,Savoir lire et interpreter le contenu d'une trame captee sur un reseau,5h a 8h,3,2,4,4,4,1,2,2,1,2,Oui,Non,Tunisia,2015-09-22 17:23:57,True,True
131,670f0d8b9214e69ed822095dc681178c160e04b146956b86df8e619f53ef051c,c8fe7792a06157336d45dff4227c478b,m,1994,a,Partiellement,"Connaitre les architectures reseaux, les mecanismes reseaux, pile de protocoles etc.",5h a 8h,3,4,4,4,4,4,4,3,5,5,Oui,Oui,Tunisia,2015-09-22 19:32:24,True,True
132,b8fd8b5f4b9cb2996c4f4ef2dfdc386c3627ba2b1aca07616256656642d62c89,3da18f633ae69fdebdff95b4bedba6bf,f,1994,b,Oui,"Connaitre les architectures reseaux, les mecanismes reseaux, pile de protocoles etc.",2h a 4h,4,4,3,4,3,1,5,3,5,2,Oui,Oui,Tunisia,2015-09-22 20:05:11,True,True
133,70fba7ea3203a6d3543068cabdd10c4efe93194a9719be8213002c8c9cef3e5e,14e8f44deaa658161567af618a617e23,f,1994,jhs,Partiellement,"Connaitre les architectures reseaux, les mecanismes reseaux, pile de protocoles etc.",5h a 8h,4,4,3,4,3,3,3,4,1,3,Oui,Oui,Tunisia,2015-09-22 22:31:31,True,True
134,1a5daa0385e56ffb09c6f27f617334c54481b94348161aff1ce729bd510f6266,e81dcaa73c152357a50b4a9148c93e21,m,1985,b,Oui,"Connaitre l'internet IP, TCP et UDP et leurs propretes",5h a 8h,4,3,4,4,5,4,2,3,2,5,Oui,Non,France,2015-09-23 06:53:58,True,True
135,f07833fbc844c83387a505db11539fc55b11a53e5beecd633f133b93c6cb2fd4,2c65e788e47e860dd360095b70607548,f,1994,jhs,Partiellement,Savoir analyser les proprietes d'un service et en deduire les besoins en termes de reseau,5h a 8h,3,5,4,4,4,2,4,2,5,4,Oui,Oui,Tunisia,2015-09-23 10:25:56,True,True
136,392090403083af1ce0e95a21f0fc102095f8458c74b9f0906d4d9efa687b6135,6dcee4513039f2449fba13ccfe0af1c3,,None,,Partiellement,"Connaitre les architectures reseaux, les mecanismes reseaux, pile de protocoles etc.",2h a 4h,4,4,4,4,4,4,3,4,3,4,Oui,Non,France,2015-09-23 11:09:59,True,True
137,e5f62757866fcfea5fa4fb76455cd0561d10cd6dc32faf2cf0d4dd24761f536f,7353607c6def4e7a452a28c9201cdf5f,f,1994,m,Partiellement,"Connaitre les architectures reseaux, les mecanismes reseaux, pile de protocoles etc.",Plus de 8h,3,3,3,4,4,3,3,4,5,3,Oui,Non,Tunisia,2015-09-24 20:15:18,True,True
138,b423c36f83fcae3309bfc4e4e77522c47d6ebf60d10c21842ca4c6ee7840c5b0,2d8de835db3a1b4aa28c50ecc25aad5f,m,1994,jhs,Partiellement,"Connaitre l'internet IP, TCP et UDP et leurs propretes",2h a 4h,4,4,3,3,3,Vide,4,4,3,4,Oui,Non,Tunisia,2015-09-24 22:35:34,True,True
139,067c9ab45fcecaf0b76ca6189786941483e8910ba3554ec65eba9328f94c3196,f319da44a51e372f008b97c85c73b5dc,m,1994,other,Partiellement,"Connaitre les architectures reseaux, les mecanismes reseaux, pile de protocoles etc.",2h a 4h,2,4,3,4,4,4,4,5,4,4,Oui,Non,Tunisia,2015-09-27 16:37:58,True,True
140,5efed263aee220cdb28cd0d7e815f2e828785b8f5e56e00367a02f11ed020e00,fc4cbbef761cbbf9b6ec50e5731189d7,m,1979,p,Oui,"Connaitre les architectures reseaux, les mecanismes reseaux, pile de protocoles etc.",Plus de 8h,5,2,3,2,4,2,4,3,4,4,Oui,Non,France,2015-10-11 22:24:20,True,True
141,8d27c6e05b407abfa143ddb5e9f47e329c822690c809b857641d797da521ec67,5d1d0cc114b53374e5dfa116451e19a7,m,1994,,Partiellement,"Connaitre les architectures reseaux, les mecanismes reseaux, pile de protocoles etc.",2h a 4h,4,4,4,4,4,4,4,4,4,4,Oui,Oui,Tunisia,2015-09-29 14:54:38,True,True
142,7d08f58baa5e0a6a42d0165f69a4e57012fd0ddd87c4cd4f8bc3892789612a08,c76c9a911b449cd6ee4b0a3bbd7873f3,m,1995,other,Partiellement,"Connaitre les architectures reseaux, les mecanismes reseaux, pile de protocoles etc.",2h a 4h,4,4,5,5,2,2,3,2,3,2,Oui,Oui,Tunisia,2015-10-02 23:07:35,True,True
143,b3262da1f7ce8b9eced9c0a91f0e0e8f8a37e848aff66cd66465fd83b4b32590,3254b93f23d2793a22d9dc3b8824b979,m,1994,m,Oui,"Connaitre les architectures reseaux, les mecanismes reseaux, pile de protocoles etc.",5h a 8h,5,3,4,4,4,3,4,3,4,5,Oui,Oui,Tunisia,2015-10-03 20:39:43,True,True
144,a11aec682236fb8b46c4ee4570b35572e14e6a0bf159178d36766420a645861a,fea6166627a1a74593efd49f9acdb44d,m,1977,hs,Oui,"Connaitre les architectures reseaux, les mecanismes reseaux, pile de protocoles etc.",Plus de 8h,4,4,4,4,4,4,4,4,4,4,Oui,Non,France,2015-10-05 10:53:05,True,True
145,0708d56b8e82429a3c1fd3037c875037e32212f39809159f69713139039fc69d,cd9eb085ecee79e3cb0a81d1a82cdcaf,m,1977,m,Oui,"Connaitre les architectures reseaux, les mecanismes reseaux, pile de protocoles etc.",Plus de 8h,4,4,4,4,4,4,4,4,3,4,Oui,Oui,Côte d'Ivoire,2015-10-05 15:58:34,True,True
146,eb3cc2660e42c06a551d6b1d27648f9644afbc8fb1c244fd7eff1a1ff8a81aae,ef032016c7d7984ac8f4266cad878407,f,1994,m,Partiellement,"Connaitre les architectures reseaux, les mecanismes reseaux, pile de protocoles etc.",5h a 8h,4,4,4,3,4,4,3,4,4,4,Oui,Oui,France,2015-10-13 08:41:41,True,True
147,74e9c1fd17c86f7780bc024eb13df061e2156b89fa398a74c3ae5540989c49ff,287f311884140bcb4973a79bc86f4d37,m,1995,jhs,Oui,"Connaitre les architectures reseaux, les mecanismes reseaux, pile de protocoles etc.",5h a 8h,3,3,4,4,4,4,4,5,5,4,Oui,Non,France,2015-10-13 10:45:50,True,True
148,efa02706716936fa3392eecefe790dbad7c397e7cc7f8b93759741f1e75af56f,3b453a02580983e21bef76f5f2b43331,f,1994,b,Oui,"Connaitre l'internet IP, TCP et UDP et leurs propretes",Plus de 8h,5,5,5,5,4,3,5,5,5,5,Oui,Oui,France,2015-10-13 14:47:46,True,True
149,8d414a601db50840d3eb37c41cec6c950e70aac68bee0663a351ded8f3f911a9,2e6618e7016c96d7abd56503f8ba76f8,m,1995,b,Oui,"Connaitre l'internet IP, TCP et UDP et leurs propretes",Plus de 8h,5,5,5,5,4,4,4,4,4,4,Oui,Oui,China,2015-10-13 14:47:34,True,True
150,94ce811b48281689a7eff307ecb6d4c0cf4e023c8a21b24b25735b57db5ef9a1,74336d6c520e90dd1a6aa2fea965f868,m,1995,,Partiellement,"Connaitre les architectures reseaux, les mecanismes reseaux, pile de protocoles etc.",Moins d'1h,4,2,3,3,3,Vide,Vide,1,Vide,3,Oui,Non,France,2015-10-13 15:37:03,True,True
151,5f09bb6b5fd522f995952c53427fe27087d399fe4b1c4b6272cf8f4d87fef90d,20f56a28e6c33785f871ad5f44129c57,,None,,Oui,"Connaitre les architectures reseaux, les mecanismes reseaux, pile de protocoles etc.",5h a 8h,5,5,3,3,3,4,4,3,4,4,Oui,Non,France,2015-10-13 16:11:08,True,True
152,9208bbe414803f41cc7a11e7aaab492459ea322df6a88d8c967577aafd78cb99,301a5bba9e31a4be1c0bbe793c54ab2f,f,1994,,Oui,"Connaitre l'internet IP, TCP et UDP et leurs propretes",Plus de 8h,5,5,5,4,3,Vide,Vide,Vide,Vide,Vide,Oui,Vide,France,2015-10-14 15:02:39,True,True
153,90e1eed1288369c898793f58b307297a00de0d03d2364488801248f4457c3933,20d32bd1c6da379086260c769f5bb474,,None,,Oui,Savoir utiliser un analyseur de reseau,Moins d'1h,1,3,3,2,3,1,3,3,1,3,Non,Non,France,2015-10-14 16:32:26,True,True
154,af34ae05c32666ef9fbb116254b57ef4df541d6d8f2a4465e6badbc19f5cbe83,aab98f9471b880ea67a8a9cc21cfceff,m,1995,b,Oui,"Connaitre l'internet IP, TCP et UDP et leurs propretes",2h a 4h,4,3,5,4,1,4,4,4,4,4,Non,Non,France,2015-10-14 19:15:27,True,True
155,076c3fbc3e6bd5303634400880dcf350ac3e3b3cea64a30ba08ebe0ff868579f,0e33c6a3e36eedf04cc0edf5d8a0fba7,m,1996,other,Partiellement,"Connaitre les architectures reseaux, les mecanismes reseaux, pile de protocoles etc.",5h a 8h,3,1,4,4,2,3,3,1,2,4,Oui,Non,France,2015-10-15 08:48:40,True,True
156,6d877a4abc9e3b659bf541dfa3a4df0e930c1266ac402e9c49aa1a4165a5b9be,6ba1954920fb037861ca9bf9d00327e1,m,1984,b,Partiellement,"Connaitre l'internet IP, TCP et UDP et leurs propretes",2h a 4h,3,2,2,2,3,2,2,2,3,2,Oui,Oui,Congo (the Democratic Republic of the),2015-10-15 13:46:25,True,True
157,07b4c5f7ee71d639dcf4dd696d6cbeada78076a0d6b5fc7beb8b2d894cdecb07,53940808503896329a21095671060ce3,m,1993,b,Partiellement,"Connaitre les architectures reseaux, les mecanismes reseaux, pile de protocoles etc.",Plus de 8h,5,4,4,4,3,4,3,4,3,4,Oui,Non,France,2015-10-16 20:09:37,True,True
158,4fc6757fa9b76f6d18ccabaefea517e006255104ef5b37d96535d96b55cab4ba,304b818ea8cb7f2bc07f85664c2ae48d,m,1995,hs,Oui,"Connaitre les architectures reseaux, les mecanismes reseaux, pile de protocoles etc.",2h a 4h,4,4,5,5,3,5,3,3,3,5,Oui,Non,France,2015-10-17 11:08:09,True,True
159,b86ebaad02ad5bca186fbb30b4f9abcb5279d2b651c5626d4eb94e7d5480a875,b59bed868e6243e09812c93079e51efe,m,1994,jhs,Partiellement,"Connaitre les architectures reseaux, les mecanismes reseaux, pile de protocoles etc.",2h a 4h,2,4,1,4,4,Vide,Vide,Vide,Vide,Vide,Non,Non,France,2015-10-17 11:53:54,True,True
160,068d4cdaa774f5c530faccc776751b676a4aa053e850a2e1f693fdff50309663,7249ac426a41ad1cf85183adbbd24c6c,,None,,Oui,"routage approprie, configurer le routage",2h a 4h,4,3,4,4,3,3,3,2,5,5,Oui,Non,France,2015-10-18 12:14:52,True,True
161,f48f7980f719a60c2dac37de546a5b0c764a0a5f607bfd7bdd18d299bf9ca6cc,984508ef9489fa8130ee5be4342367df,,None,,Oui,Savoir analyser les proprietes d'un service et en deduire les besoins en termes de reseau,2h a 4h,4,4,4,4,4,4,4,4,4,4,Oui,Non,France,2015-10-18 17:31:48,True,True
162,00b185060f56d5bde7e1b0caafe6918088541f2b357693fcd9feebf451abebf5,880fee1f8f59b0a11a417b3c340b54d6,m,1970,hs,Oui,Savoir analyser les proprietes d'un service et en deduire les besoins en termes de reseau,5h a 8h,5,5,5,5,5,5,5,5,5,5,Oui,Oui,France,2015-12-21 02:22:34,True,True
163,efaec862230c47d6f278424e19f874a669e229c3b488fa7cbb358c7a293242cc,bd60455b944e132a0adf841a4927d64e,m,1977,b,Oui,"Connaitre les architectures reseaux, les mecanismes reseaux, pile de protocoles etc.",5h a 8h,4,4,3,4,4,3,4,4,4,4,Oui,Non,France,2015-10-24 10:48:09,True,True
164,79974619294476f86dfd4629aa0fc819eee1ce0ebff5984e6d56f98b18b2c977,6567afa6aa4dd92addd744d8069ea04d,f,1980,m,Non,Vide,Moins d'1h,4,2,4,1,1,1,3,4,3,1,Non,Non,Switzerland,2015-10-28 17:02:47,True,True
165,161d84bbfc240fede58d335253597518abcc5d106e0e3f2a82aa4c02581232a1,37e3fed2c0942229eda79d460d8b5ecd,m,1994,a,Partiellement,"Connaitre l'internet IP, TCP et UDP et leurs propretes",5h a 8h,4,4,4,4,4,4,3,1,2,4,Oui,Non,Algeria,2015-10-28 23:21:24,True,True
166,e4b6c2fb4ebc42a4bc0276236ec94220eb9d7bc02d92afb422ee9ac988d71820,cfbddc0e5f26c8b21226a33bd125d7d9,m,1996,jhs,Non,Vide,Moins d'1h,1,1,1,1,1,1,1,1,1,1,Non,Non,France,2015-10-29 12:42:39,True,True
167,02668e7cd1a85ee9ab1ce085f2c143817d35f4ceda2966c4c1992c93b803fdbe,b2ed3723feb0d0ae2f53969bf15519ec,m,1985,a,Partiellement,"Savoir lire et comprendre une norme de reseau de donnees, reseau de telecoms",5h a 8h,5,3,4,4,5,4,3,4,1,4,Oui,Non,France,2015-10-29 13:27:12,True,True
168,7d3dd689112712e0af18fa30c0dbffa0fc5e8aea9909cadfacf8cfe83d547079,84a5c47929655f9efcc910333c24350c,m,1978,b,Partiellement,"Connaitre les architectures reseaux, les mecanismes reseaux, pile de protocoles etc.",Moins d'1h,4,4,4,4,4,Vide,Vide,Vide,Vide,Vide,Oui,Oui,Cameroon,2015-11-02 11:28:21,True,True
169,64e770291b8add62b4472f2d5ee5747b7e4aa8741cf6d80af4ad77de1d233721,a01a273dcb872ca0f470f73ee858c908,m,1996,other,Partiellement,Savoir analyser les proprietes d'un service et en deduire les besoins en termes de reseau,5h a 8h,3,3,3,3,3,3,3,3,3,3,Oui,Non,France,2015-11-03 07:19:49,True,True
170,f0320fb35f23c21e87076e5880a95aa54b1dbc3293dc1a2d075da9d3763597cf,0b768b3e41b72e3eb0222b32a26a0c61,m,1968,m,Oui,Vide,2h a 4h,4,4,4,5,5,4,3,4,Vide,4,Oui,Non,France,2015-11-05 12:22:23,True,True
171,5abbb1873e08a6ece3db2b1ac256e2ee690c6c10d3781f428d3a76ec045c22f0,e215924ec0a4a44fb25daf5194c80b09,m,1991,b,Partiellement,"Connaitre les architectures reseaux, les mecanismes reseaux, pile de protocoles etc.",Moins d'1h,4,4,3,4,4,1,4,5,3,4,Oui,Oui,Mali,2015-11-24 17:47:09,True,True
172,edc4438fc2c045d91340c7930eb01e77261b60a8f64e5c17474a7650a34a273d,b3da6a57adb2ba3dea2a23ea9ca950de,m,1978,hs,Oui,"Connaitre l'internet IP, TCP et UDP et leurs propretes",2h a 4h,4,4,4,4,4,4,4,4,4,4,Oui,Oui,Congo (the Democratic Republic of the),2015-11-30 12:55:19,True,True
173,b06f5412654406abf759e89e3a7166c07b68d0eda7baa43ff8dd434337eae3c4,c625054a4d744f1f3fcc0505672a85e9,f,1960,m,Oui,"Connaitre les architectures reseaux, les mecanismes reseaux, pile de protocoles etc.",2h a 4h,5,4,4,4,3,4,4,3,3,4,Oui,Non,France,2015-12-12 13:53:56,True,True
174,28cf9a6010199b6c4e2dd21480d03635bb7c60b337401d23d72bf22e941f7442,2b3a9a535083d9a9113722c12072e064,m,1980,m,Oui,"Connaitre les architectures reseaux, les mecanismes reseaux, pile de protocoles etc.",5h a 8h,3,5,4,4,4,2,4,1,4,3,Oui,Oui,Burkina Faso,2015-12-16 19:13:44,True,True
175,d519b7356e9a3dc8d79bc9044f14a38226960af17f6a956cda5a4c8fac0a0918,8fd5b8721cda8748dadbd6107d826569,f,1989,p,Oui,"Connaitre l'internet IP, TCP et UDP et leurs propretes",Moins d'1h,5,5,5,Vide,Vide,Vide,Vide,Vide,Vide,Vide,Oui,Vide,France,2015-12-19 18:04:12,True,True
176,3d8c16c1034abbe0fb539a825a5df816d985a048ef829ad67cab26c59d3f3503,6989c0508a964d46c4865a234b703556,m,1973,other,Partiellement,Savoir analyser les proprietes d'un service et en deduire les besoins en termes de reseau,2h a 4h,4,3,4,1,1,3,3,1,1,4,Oui,Oui,Senegal,2015-12-31 09:10:45,True,True
