id,course_specific_id,gender,year_of_birth,level_of_education,q1,q2,q3,q4,q5,q6,q7,q8,q9,q10,q11,q12
97ac9a821623db76090d0a143a0d391d9bd4f67dc8fb2d1bd474ecf349dd1aa8,17af05f4ef16ce3c72e5158d7b08f15a,m,1982,m,choice_1,choice_1,choice_2,choice_2,choice_3,choice_0,choice_2,choice_0,choice_1,choice_2,choice_1,choice_1
8578e6ebe720cd410d3b46e2920eb690a556a1ce782d467bce179c4ab91004c4,aca9f8d206281999c05f45abec9682eb,m,1962,p,NA,NA,NA,NA,NA,NA,NA,NA,NA,NA,choice_0,choice_1
5ffa8890c614900dfec8a017689165ad319f661ff9081e433ac181758b3dab4b,619052e7b2770db44d93b661c7bd5cad,m,1979,m,NA,NA,NA,NA,NA,NA,NA,NA,NA,NA,NA,choice_0
1142bfa4837b3e9b42a0a309e456dabeffc9c25e364b255e4f45d2b32d9ab4a0,dd76cf47953eee4693b9be6b7a20f361,m,1986,m,choice_2,choice_1,choice_2,choice_0,choice_2,choice_1,choice_1,choice_1,choice_2,choice_1,choice_0,choice_0
d8f341386d7a60dfc200a606fd34b9f703a0a423f0ea7f19093e3cb364a23072,09de89eefb3fac97535450957f0832d4,m,1977,p,choice_0,choice_0,choice_0,choice_2,choice_0,NA,choice_1,choice_1,choice_1,choice_2,choice_0,choice_1
b40dcba63c0443260a8680b167349a032f41772beca79e8285af13a2490dc4c6,0330440cf924e0839247b8453e40e615,m,1973,hs,choice_0,choice_0,choice_2,choice_1,choice_1,choice_0,choice_1,choice_1,choice_0,choice_1,choice_0,choice_1
3142eb41914a88b463e7b55427bfcf6999d1a72feb1510a206b7ac127e2b4f63,7d389fec0a6d30ecc6cc953304c4a1d9,m,1992,m,choice_2,choice_0,choice_1,choice_1,choice_1,choice_1,choice_1,choice_1,choice_1,choice_1,choice_0,choice_0
c975c11569ae31aab9e192e39b8b5e2dea8dacb1eabf729b3efc8a8cc448a02d,ff762199dd9b1263101dfcd70df21b4b,f,1980,b,choice_0,choice_1,choice_1,choice_1,choice_1,choice_1,choice_1,choice_1,choice_2,choice_1,choice_0,choice_0
8f4fd5515999b2658cd4b58f7d9541795acc30f5fd7aa9644dbc2c2bb8a9b782,0a8c1b7d16b38ea3391c12a28c877364,m,1948,m,choice_0,choice_1,choice_2,choice_1,choice_2,choice_1,choice_2,choice_1,choice_1,choice_1,choice_0,choice_1
9fb2e851b01d92584a4c8f6800b83c0c8a6595464f2fe86a00a704841f881f5d,3008cf0cd71575a5768af070d0b6554d,m,1986,m,choice_1,choice_1,choice_4,choice_1,choice_1,choice_3,choice_1,choice_4,choice_1,choice_2,choice_0,choice_0
d37b5054df8f91f914bdd4e7850f39e207b70a16c631cba085f164b115d8f9a4,d5ae0a8841e4028c099ea3e40b212187,m,1982,b,choice_0,choice_0,choice_1,choice_1,choice_1,choice_1,choice_2,choice_1,choice_3,choice_1,choice_0,choice_1
ab4d3e987315b4fb15ef8210aece792c47822025bba6a113243b3272933c2252,7ed78416db46e6b24c3e7d2e7bb288a6,m,1980,m,choice_0,choice_0,choice_1,choice_0,choice_1,choice_1,choice_1,choice_1,choice_2,choice_1,choice_0,choice_0
79ad818fa54e01ce347256843537cba3513bea5c24dcf52c9b712d9ae90bc99b,b16c6624fd7a13a7e5d13166d5c4684e,m,1967,m,choice_0,choice_1,choice_1,choice_1,choice_3,choice_1,choice_1,choice_1,choice_2,choice_2,choice_0,choice_1
e5839b94660da29eef08d825aba98effcdbe5059810ebbd5afc34397b17886f3,91a1b50b6d71b9f8e4fc6c84f2c1d3c1,m,1952,m,choice_0,choice_0,choice_3,choice_0,choice_1,choice_0,choice_0,choice_0,choice_1,choice_1,choice_0,choice_1
e3d21ac69130aa1a7fe20807099a3f232a80fd2b0a0302868bb091cc3d9e1894,882200ca44b12d84e9944eab5f8789c9,f,1982,m,choice_0,choice_0,choice_3,choice_0,choice_1,choice_2,choice_1,choice_1,choice_3,choice_3,choice_0,choice_0
d934519f588579b0a3fa1a0f38d87ba2d5d521ef10a237f31848cf47c5e0eccb,3452337ad711f005ddf49ee5b16d9a99,m,1979,m,choice_0,choice_0,choice_1,choice_1,choice_3,choice_1,choice_1,choice_1,NA,choice_1,choice_0,choice_0
c64564490fc9c30df68f23268b9388caae74f356ea165978253dfa51b149ae04,c77da93737a03cc3d0790bda042dbdcd,m,1960,m,choice_0,choice_0,choice_2,choice_1,choice_1,choice_1,choice_1,choice_1,choice_1,choice_1,choice_0,choice_1
359132ec0e8f282acbdc7af2862d52d856ab6ff56ef362611ddf4ce44f10034c,b77f1ce8f6b3bccfffb708647e86da14,m,1992,m,choice_0,choice_1,choice_2,choice_0,NA,NA,NA,NA,NA,NA,choice_0,choice_1
2dc7c33d8e953e17b3fc99a1a4937ac63ad5902d104a616ebd994514e49d2e1d,aed379a1ea76b5d7ac41a9a2ba4cee65,m,1992,m,choice_0,choice_0,choice_3,choice_1,choice_1,choice_1,choice_1,choice_1,choice_2,choice_0,choice_0,choice_0
d693136a5ac9dbcfce3593312b9d41c076dc0ea06993e5d259d74007de6fe8a8,69fb8d9da005201a61c2e760e14e9d70,m,1953,hs,choice_0,choice_0,choice_1,choice_1,choice_1,choice_1,choice_1,choice_1,choice_1,choice_1,choice_0,choice_1
684b6f987f041c23d1ea8b29b7f026ea5b2c67b211c925a1e99513d4d86ccd56,df2bddded4019d72f8a26bffeb7a3564,m,1989,m,choice_0,choice_0,choice_3,choice_0,choice_0,choice_0,choice_0,choice_0,choice_1,choice_0,choice_0,choice_0
20e4515baab600bfc846b34ddfb11b2a2497472a3d3073c512bfcd02b84b5c01,91c76c7b1386e67838a54e170096303e,m,1981,m,choice_0,choice_0,choice_1,choice_0,choice_0,choice_0,choice_0,choice_0,choice_1,choice_1,choice_0,choice_1
e3932e61697c7d1cad6c8ae806289212ecb9743fca58ba5cb121d35ca42dfe5e,1dffb3cab002e7143e9300af53e8fcaf,m,1986,b,choice_0,choice_0,choice_1,choice_1,choice_1,choice_2,choice_2,choice_1,choice_1,choice_1,choice_0,choice_1
8cac9dba52f91f46223054c1b89399065849667389dfa4e2082d368dbeb5b088,1029b43fba6ff0b048aa64f489bea87c,f,1985,m,choice_0,choice_0,choice_2,choice_0,choice_0,choice_0,choice_0,choice_0,choice_0,choice_2,choice_0,choice_1
ac50b70e31f3c48b9fe4427a1256006baca19d6607c832aa934329b9d641710c,0a08ddb582a388d7903745245cdc1560,m,None,m,choice_2,choice_1,choice_2,choice_1,choice_2,choice_1,choice_1,choice_1,choice_3,choice_2,choice_0,choice_0
63d2b6a4aa74e2cb2072d6e80a5d639fcea615afef40525800b9c5a3688fedf0,5d477f49945428bbd61fa2c59d207009,f,1978,m,choice_0,choice_0,choice_2,choice_1,choice_3,choice_1,choice_1,choice_1,choice_1,choice_1,choice_0,choice_1
fb7baead20dff00448307ab7b844f85334015dd72c69b2aba87f34794693e956,bdb1253f86abd3beb3bf164c476f311c,m,1975,m,choice_0,choice_1,choice_4,choice_0,choice_0,choice_0,choice_0,choice_0,choice_0,choice_0,choice_0,choice_0
f1d92b9b26a649ae536aba89359f6bd4232a0d30ba00712cdebf930f50de7ad0,8e33423ef2b53f3d4c1994326560f392,m,1962,m,choice_0,choice_0,choice_2,choice_0,choice_1,choice_0,choice_1,choice_1,choice_2,choice_1,choice_0,choice_1
2f3ef65833e95c97252599f004923a8c65fa19d99182e983a573a7b3416112ba,1cd8b4d1af98a54d6b012e0f9bc7fee1,m,1983,m,choice_0,choice_0,choice_3,choice_1,choice_1,choice_1,choice_2,choice_1,choice_2,choice_1,choice_0,choice_0
382e46d6969d8c876e27abffcfc0eec0db11d5653375c87cbb39235bac4a0c0e,eac49e24b8e122764944ed25400d5bf1,m,1964,el,choice_0,choice_0,choice_2,choice_0,choice_0,choice_0,choice_0,choice_0,choice_0,choice_0,choice_0,choice_1
dbf07878855eccedcbb497b976350c8425eee5c139a4da60d50261ba0895cc15,97cb31905d09e0bc63c982a247fd9c55,m,1989,hs,choice_0,choice_0,choice_2,choice_1,choice_1,choice_1,choice_1,choice_1,choice_2,choice_1,choice_0,choice_0
cf296d1ca13fdb4b186ccd3af0129ed618e18e9bcb53450a5c64b0e80f583e73,4162d7a3597c997baf83e9beb417d0fa,m,1969,m,choice_0,choice_0,choice_2,choice_0,choice_0,choice_0,choice_0,choice_0,choice_1,choice_1,choice_0,choice_1
a34bbd576945084cab6c0aed28afbacd9f3917bba9211036e99bd85201e2c65e,8a4f09c7c87359eb1055e55b8280bfcc,f,1992,m,choice_0,choice_0,choice_2,choice_0,choice_1,choice_0,choice_0,choice_1,choice_1,choice_1,choice_0,choice_0
ffba8536d7f5995ea2a4fe8d8839df8ba151784770dc01434f4210a3e6c0e001,9519a2cc185d2cb68af2822c063d8f25,m,1975,m,choice_0,choice_2,choice_3,choice_0,choice_1,choice_1,choice_1,choice_1,choice_1,choice_1,choice_0,choice_1
11001c08a81ade10f3f0a2234f045f818ad8d9238d400644e3e92e924d921047,eb0dadc3ce8598789bf761b432109346,m,None,,choice_2,choice_0,choice_1,choice_1,choice_2,choice_1,choice_1,choice_1,choice_1,choice_2,choice_0,choice_1
cb089f92028b64b11ff7cf46f011a50e956d2bc123b2a7fcd750838b3bc58781,4da16a7f0c025374d66758f96a61366f,m,1966,m,choice_2,choice_2,choice_2,choice_1,choice_2,choice_1,choice_2,choice_1,choice_2,choice_2,choice_0,choice_1
dfad004c408ac3ecf2d50c26916b65d3864859a38a2696ea38980cf75b36c42c,8e44ba93f6af0c06a31da821bda87697,f,1988,m,choice_0,choice_0,choice_2,choice_1,choice_1,choice_1,choice_1,choice_1,choice_1,choice_2,choice_0,choice_0
be4393fa83246122379d0ad53322176631e1efce63a770c737523ad417f26f21,017dcd78e0ba134e797a4474dd972ca2,m,1988,m,choice_0,choice_0,choice_2,choice_1,choice_1,choice_0,choice_1,choice_0,choice_0,choice_1,choice_0,choice_0
d9328dcc1420073b93b691456b09e78bfbe375335920cf36cf7622da518a048e,66373e6c77796199861fe984eab2a657,m,1977,m,choice_0,choice_0,choice_2,choice_0,choice_0,choice_0,choice_0,choice_0,choice_1,choice_1,choice_0,choice_1
97e64738909b6ab4e7e44566c4bf068786a75695b2125e66fffdfb42a47736ff,b9bc999d576ac2c05a724b1e1b2c89ca,f,1977,jhs,choice_0,choice_0,choice_1,choice_0,choice_0,choice_0,choice_0,choice_1,choice_2,choice_0,choice_0,choice_0
436d9531f9b90b1c027ef5175e5b3cae04b8a66d8b643396499e92b958d0905f,b012dab57f5314cfc30c7420632e872f,m,1985,hs,choice_0,choice_0,choice_1,choice_0,choice_0,choice_0,choice_0,choice_0,choice_0,choice_0,choice_0,choice_0
79edeb937a7235306e68f6900f5e63a0e61c8c5bda3e70a1e5bde3d3e21e80b2,04ba504a4a3317bfefed8a111cb7d6e9,f,1990,m,choice_0,choice_3,choice_3,choice_0,choice_1,choice_0,choice_0,choice_1,choice_1,choice_0,choice_0,choice_0
def1bb6ef4bd8a506d96cf9f583e427c892d38340506e7498293f46f853e44e6,d903e2b6f57ef5cd12a42a92816faa1d,f,1977,p,choice_0,choice_2,choice_2,choice_0,choice_0,choice_0,choice_1,choice_0,choice_1,choice_1,choice_0,choice_1
07c0ff7de6f24541c5e771c0ccfbdb7080413c27d405be9f787302dbb246ab44,316210a21f871c2c780a78e03c557622,m,1987,m,NA,NA,NA,NA,NA,NA,NA,NA,NA,NA,NA,choice_0
fcd293258006db509e71479659a168a965175cd4de1c341267ff4472e81b70a5,544fb02cff2be088d91ed754d4649f87,m,1900,b,choice_0,choice_4,choice_3,choice_0,choice_1,choice_2,choice_2,choice_2,choice_1,choice_1,choice_0,choice_0
7b6d938b6f62530e66be432e1913b80d41cc3a51174755c4cfbb96c4caef3e05,09079055d2d222b0c082edac8c655ee8,m,1988,m,choice_0,choice_4,choice_1,choice_0,choice_0,choice_1,choice_2,choice_0,choice_1,choice_3,choice_0,choice_0
7b082396f44d268ae550df5fcce992ba483c1ea51a333e4db3261325109415b7,f3a2ef5da07b911da3f12c4f614bed2c,,None,,choice_2,choice_0,choice_3,choice_1,choice_2,choice_2,choice_2,choice_2,choice_1,choice_3,choice_0,choice_1
a40431b4166ab03f15caa47a80bdbef6d3f6ddf290d8aa79a480874f8bf27406,13fc070ef7e265fbdbeeaec775f195e3,,None,,choice_0,choice_0,choice_1,choice_0,choice_1,choice_0,choice_1,choice_1,choice_1,choice_1,choice_0,choice_1
dccef2813e25d8b34f3b6a355f69e5835c5ae55ca2cb0b9c49b0f40b6189c527,7370ca057562e8b20ad5a73f84172f5c,m,1964,a,choice_0,choice_2,choice_1,choice_0,choice_0,choice_1,choice_1,choice_1,choice_1,choice_0,choice_0,choice_0
5114f0588f71c0f6cf653cd32bf69f3c374f2587feb24a055e9f8e67ae91c5fd,eb63fb2ff054256a34e7b43e6b9d38ba,m,1967,hs,choice_0,choice_0,choice_2,choice_0,choice_1,choice_1,choice_1,choice_2,choice_1,choice_0,choice_0,choice_1
8a7769a615cfccf2abacb151aad20ddd15381f9d0fcb621330d8b683e2a8360c,1ff10178ecf99c6f852a72f126ceb183,m,1996,jhs,choice_1,choice_0,choice_1,choice_3,choice_3,choice_2,choice_4,choice_4,choice_2,choice_4,choice_1,choice_0
61df981429e08590871128cab40955655ca29bf63f7a70910cc25873e54b4db3,456fc76ede25335d0bc71d3c497e370a,m,1952,hs,choice_0,choice_0,choice_4,choice_0,choice_2,choice_1,choice_1,choice_1,choice_0,NA,choice_0,choice_1
507ced40eca0b50175667490aed1f5c29e540c43ddba5795ad595f61874c80f5,c64c167ae094a576fa9e141a7df6cf03,m,1980,p,choice_0,choice_3,choice_2,choice_0,choice_0,choice_0,choice_0,choice_1,choice_1,choice_1,choice_0,choice_1
538ce23665643087e594891e86476b6ac66598396215265d7fcd2139da6a81a9,3a970432ff06c18095d085c21934d640,m,1992,m,choice_2,choice_0,choice_2,choice_0,choice_1,choice_1,choice_2,choice_2,choice_4,choice_1,choice_0,choice_0
eb4cf05325c8602a300be0031dcbc91dea85b0fb24eab794ad84c58f0ae78a53,682713a2629afbc327cabc5c41771d64,m,1947,m,choice_0,choice_0,choice_2,choice_1,choice_1,choice_1,choice_1,choice_1,choice_3,choice_1,choice_0,choice_1
ccb08b1a08933d950ee06ed428c27b85821a2325cfc5253fe9a4145a6910a4b3,4f52dad5c0e53fd59b59eb4630b6cec4,f,1958,m,choice_0,NA,choice_1,choice_0,choice_0,choice_0,choice_1,choice_1,choice_1,choice_1,choice_0,choice_1
acbff52bc5eda922f810e948ee6b138ce46a2bab1af77f3dd6bf4427cfa13def,7c11645be641a80eb289d672d1a7fb66,m,1973,p,choice_2,choice_2,choice_1,choice_1,choice_1,choice_2,choice_1,choice_1,choice_2,choice_2,choice_0,choice_0
abd30a8172cffce2334cd689cde350ba8b3f84857502525bb8037cd81124b096,c0c499d6b5f7558aee6dd49815fdb357,m,1970,m,choice_0,choice_1,choice_2,choice_0,choice_1,choice_1,choice_0,choice_0,choice_1,choice_1,choice_0,choice_1
c5cec95be93ad2c3961b8090c3f9c3cd03aef378b8e1e9ffad94bf6454148560,37b0e080659aba0dad78977ddd8a9bac,m,1956,hs,choice_0,choice_1,choice_3,choice_0,choice_0,choice_0,choice_0,choice_0,choice_1,choice_0,choice_0,choice_0
86930ac5f310fb1e4491afd57689bb33fd92125d24e7467673580067127c0676,7b90882bb0e7daaf5b3612117cb6ab40,None,None,None,choice_0,choice_0,choice_2,choice_1,choice_1,choice_0,choice_0,choice_0,choice_1,choice_2,choice_0,choice_1
85e0d58fc28e91e2d438baf1e2f5ec0c1b0b46bb2925dca95e93d6285e7b79de,d97adafe3596b2059e87f5f80882733e,m,1977,hs,choice_0,choice_0,choice_1,choice_0,choice_1,choice_0,choice_0,choice_0,choice_1,choice_1,choice_0,choice_0
2ff9ad29d9e921490d8abce4ca2e3f40009375c74fb0c263b953f33aa9824a65,4dd2393839143beb1377fe3b26e8eb51,,None,,choice_0,choice_0,choice_1,choice_0,choice_2,choice_0,choice_1,choice_0,choice_0,choice_0,choice_0,choice_1
0913e071c7601560eb3c5f5d0e51776204539d91ea68afa6412a791837c9683a,c5f997d7e10a25ba8f3acde4cb3e490e,m,1991,jhs,choice_0,choice_0,choice_2,choice_1,choice_2,choice_1,choice_1,choice_1,choice_0,choice_1,choice_0,choice_0
5a7188e840f00e50be8bf3dd35bfbcdd6599aa52ef1fc659a0a279b79f5bdb56,073de8450bbb30b459dcd4664898be4d,f,1972,m,choice_0,choice_2,choice_2,choice_0,choice_0,choice_0,choice_0,choice_0,choice_1,choice_0,choice_0,choice_1
c54f91dd640a5ff0646cd94bad00815b51fd9fd273602e228af9ab7b6623ae2f,67fa2e408ae86d27024c41348d1d6d70,m,1984,hs,choice_0,choice_0,choice_2,choice_0,choice_2,choice_2,choice_1,choice_1,choice_1,choice_1,choice_0,choice_0
51fa833225747dfdccbc2a814159bd23e4abb1dd9947a684e5dd63dff18b8223,ca458a3827f2cb25eead8d5882ea2271,m,1985,m,choice_0,choice_0,choice_1,choice_1,choice_0,choice_0,choice_0,choice_0,choice_1,choice_1,choice_0,choice_0
2effa9eadf38e98183a44323c94679b7f510721ed9b525afc298845b0c471f4b,890d92bb70e6113d708b4736d17d5c2a,m,1975,b,choice_2,choice_0,choice_0,choice_1,choice_2,choice_2,choice_3,choice_3,choice_4,choice_2,choice_0,choice_1
37b44d71e9bc9a8560d8ab2138c14e8e2e1896a5a03013c07756801b461517b3,5a881449916756cdf3d221a28416b606,m,1984,m,choice_0,choice_0,choice_2,choice_1,choice_1,choice_1,choice_1,choice_1,choice_2,choice_1,choice_0,choice_0
b43de9933a2b51e34bd2ae2c72853c58f3a360da36f51eca1794ac8b25634b80,18e8b8a2f2d7861c1531b75cf786cdab,m,1978,m,choice_1,choice_0,choice_1,choice_2,choice_4,choice_2,choice_2,NA,choice_4,choice_4,choice_0,choice_0
5b7b4d4c6e1890fc628c7a81afbbc19b001241273b6edcfb8b043ed79a98edc0,9b7fd769540ae074e8ad26720b7ecf9b,m,1958,jhs,choice_0,choice_0,choice_1,choice_1,choice_1,choice_1,choice_1,choice_1,NA,choice_1,choice_0,choice_1
46ab99848b378a72bf10d04a1fa62e6cbfac8d7a1902d3285ea3cad6a7162794,b021594a2d70dceb48c922eb7560b3f9,m,1980,m,choice_0,choice_1,choice_1,choice_1,choice_1,choice_1,choice_0,choice_1,choice_2,choice_1,choice_0,choice_0
1da13f181e96084cedd65d6961d68d71b2127620f27424521601ab1fe92878ae,732a23de3efe43250ab920aace5e9387,,None,,choice_0,choice_0,choice_3,choice_0,choice_0,choice_0,choice_0,choice_0,choice_2,choice_0,choice_0,choice_0
2996fe258b1fe96259362c09f8adfdfdb2a456563acd2d5da81488276944eab9,b34fd4e862ff7d7453fff78ae704ff36,m,1998,m,choice_0,choice_3,choice_3,choice_2,choice_2,choice_2,choice_1,choice_1,choice_4,choice_0,choice_0,choice_1
6cbe5367589d5ce54b69689f9416bf57799a15bd1f7ccae2b924ecc23f22d95a,ab4bc55dc5c980fbeb8b567b6c6cc410,m,1973,m,choice_0,choice_0,choice_1,choice_0,choice_1,choice_1,choice_1,choice_1,choice_2,choice_1,choice_0,choice_1
f66c62132aac59d4bd91e3ae962f6bdf7228a3e9ad62d55e3ee1989d58433b63,5fa20a87c571b3fda7ce788d0c6a5a50,m,1969,p,choice_0,choice_0,choice_2,choice_0,choice_1,choice_0,choice_0,choice_1,choice_2,choice_2,choice_0,choice_1
4d04358ff2fd17e2ec01670c28daa9ca1807491226eba9fc9b49166a216c170e,9d258ba61edafd6225be519bc70e3708,m,1965,hs,choice_0,choice_0,choice_2,choice_0,choice_0,choice_0,choice_0,choice_0,choice_2,choice_0,choice_0,choice_1
364c0a13ab9b1b2dc3c292987562002d604e89212d8828a465bcdf81225db156,8a56462a2a7c0d95d5b8f7443f16e41c,m,1963,m,choice_1,choice_0,choice_2,choice_2,choice_2,choice_2,choice_2,choice_2,choice_2,choice_2,choice_0,choice_0
fcf34e10728bfc0da9fa9b9e9b87dd2131b4e908f761a229a88b1a2aca4c71a5,db302e8da68f723de627d1b5872abc45,m,1971,m,choice_0,choice_0,choice_3,choice_0,choice_1,choice_1,choice_1,choice_0,choice_2,choice_1,choice_0,choice_1
031eec67050583e521f5d00f6a41ad39021f49363e2549082d5823eb4ebf70e8,5dd826b7baa9f4b897ddca26c1dd8679,f,1976,m,choice_0,choice_0,choice_1,choice_0,choice_0,choice_1,choice_0,choice_0,choice_0,choice_0,choice_0,choice_1
30a26eec5f1241a3f36b68da1102041267a122fbc420da3f261bf38e443210b3,4ff8b79f2d23786ef0a04f02fa47b1c8,m,1967,m,choice_0,choice_2,choice_2,choice_0,choice_1,choice_1,choice_1,choice_1,choice_1,choice_1,choice_0,choice_1
c56868bdd26fa24cc49731862c07456894b0023b60f74d59431ee8bc35ac3774,a68342d63fec6fd6d56c993704486bc5,m,1974,m,choice_0,choice_0,choice_1,choice_0,choice_1,choice_1,choice_1,choice_1,choice_1,choice_2,choice_0,choice_1
fbebed8f357f1fd70986a8a0c9b16ae0e2f5dc582cdf4af8fd57a561e2e406f7,6f4dc4abfea33815dfbcb51db4f3485e,m,1986,m,choice_0,choice_0,choice_1,choice_0,choice_0,choice_1,choice_1,choice_1,choice_1,choice_1,choice_0,choice_1
07b1fd4bc428cd71de5614493f1cfa2dd82aeb3293a10b1cb74361c346e990fa,9e415562098e0acaf673df0dbd4ed5b2,m,1960,b,choice_0,choice_1,choice_2,choice_1,choice_2,choice_1,choice_1,choice_1,NA,NA,choice_0,choice_1
9f07016b2e52f91461d2435537d8efbc293bd92a5c3b3f532ca5f28ba30c0498,8f275ce6b03a7e42f3613608b5bf1bd0,m,1958,hs,choice_1,choice_0,choice_1,choice_1,choice_0,choice_1,choice_1,choice_1,choice_1,choice_0,choice_0,choice_1
6f41ef887fe7f55c949eecf4e6327163994832a2e329fa80a153700c939059f6,415e891b86139f76dbe95679bac07fd7,,None,,choice_2,choice_0,choice_2,choice_0,choice_1,choice_0,choice_0,choice_1,choice_0,choice_0,choice_0,NA
4f14d84d939511062051a501b3bbca337f2814cecefc0832d8475939f157c17f,12b583cc43ee44e2314c89bb67394470,m,1975,m,choice_0,choice_0,choice_1,choice_0,choice_1,choice_1,choice_1,choice_1,choice_2,choice_2,choice_0,choice_1
4443456d12071b48f9e84bd969bb724bfeb288f015aa90a3be077e54c45631f4,cf42c8ca4a5615ad359d6ba9e53e8563,m,1983,m,choice_0,choice_0,choice_2,choice_0,choice_0,choice_0,choice_0,choice_1,choice_2,choice_0,choice_0,choice_0
053892668fa9fea8e18687a93c4ef46da5c2bcefb17805a33cab2fa286208c56,0557574b5d8fe143769c00b76d595b8d,m,1985,m,choice_0,choice_0,choice_3,choice_1,choice_1,choice_2,choice_1,choice_1,choice_2,choice_1,choice_0,choice_0
24f97edf1881e2296af6ddb0853a684c64d46bfac1b2b7e0420b30d588620ae9,e7dede138090c72f1c0b6becacf642e5,m,1938,m,choice_2,choice_3,choice_2,choice_1,choice_1,choice_1,choice_1,choice_0,choice_1,choice_1,choice_0,choice_1
f9cc7ad710d6ecc32f853320e08ee68f55cc2283d1b6f779c0ab8ef1df9482b6,64d4ee7dadceb5b6a226b2e7614374f2,m,1978,m,choice_0,choice_3,choice_2,choice_0,choice_2,choice_1,choice_1,choice_1,choice_2,choice_1,choice_0,choice_0
f1c108e051b95f46cdf8f6aa47c534e440c96338ff6107ddcb89a6bd502f82f5,a3915f5b9aa8e6a4d1674bb930376b13,m,1975,m,choice_0,choice_3,choice_2,choice_2,choice_0,choice_0,choice_1,choice_1,choice_1,choice_1,choice_0,choice_0
c51b009494232f010f2617bb707e9e8ee27f392a734c0f13d8bf8a86494210cc,720f47d56c5f591a56aab8e170e0e1ea,m,1983,m,choice_2,choice_0,choice_1,choice_2,choice_2,choice_2,choice_3,NA,choice_2,NA,choice_0,choice_0
1455bb3780b36f72ae1a93e49910abaaff62400aeec57c8a526d46c2fc08efef,857b67b3574678c5d3f518d3376b3059,f,1994,jhs,choice_1,choice_0,choice_1,choice_2,choice_2,choice_1,choice_1,choice_1,choice_2,choice_2,choice_0,choice_1
29e9753ca34efa33c68cf329f4cdb6e9a97fb2a66f06f8b8b75ba8d69cbddf7a,1e2b0f4fd2c41fa639ac69ba69836d23,m,None,m,choice_0,choice_0,choice_2,choice_0,choice_1,choice_1,choice_1,choice_1,choice_1,choice_1,choice_0,choice_1
574ac26fa83995da4fc2e9a8631e9f10e203a03eeb4523a7916dc832301e35ce,526660d326bb7accb82d6bfc48b58e73,m,1984,m,choice_2,choice_0,choice_2,choice_1,choice_2,choice_1,choice_1,choice_2,choice_1,choice_0,choice_0,choice_0
50f04aac7b3b5adf28bef8b9073d25235e706d33e484127bac609a7735cf6cf3,4700cac86d4cf56e7cab0236b1348391,m,1985,m,choice_0,choice_0,choice_2,choice_0,choice_0,choice_1,choice_1,choice_1,choice_1,choice_0,choice_0,choice_1
6579c7f22c69ec4f3e002c00e4922bdc9e4171114c698dfa9d2071b3261be20f,09f6e300481b82b29947386972122247,m,1963,hs,choice_0,choice_2,choice_3,choice_0,choice_1,choice_0,choice_0,choice_1,NA,NA,choice_0,choice_0
f5eb19f316ae608af5a8c3bcbad69513cdb3cdd56a7e54da4099f31ac906199d,7c9bc344a79c65685af46c86f0adcf6f,m,1970,b,choice_0,choice_0,choice_2,choice_1,choice_1,NA,choice_2,choice_2,NA,choice_2,choice_0,choice_0
cdfba0ba42734b95620b4c79cb9e1cacb67b6fdbe7c81a8bcc5f22a9e6fc878d,98fa4f0903c111e4ecefb886d2bab4e8,m,1991,m,choice_0,choice_1,choice_1,choice_0,choice_0,choice_1,choice_0,choice_0,choice_1,NA,choice_0,choice_1
ff8d6aec452962afae0ce3afb153398fbb6b0975a22092f369da962dd4911386,3631de0284759408a70fb59150c6b299,f,1991,b,choice_0,choice_0,choice_2,choice_1,choice_2,choice_1,choice_0,choice_0,choice_1,choice_0,choice_0,choice_0
b2796f65423970ce44bcb72fc71b4f41050de52f29ef6bd9df12652f67e881b0,3bcd38d07a26c86989b7eb0060aeceed,m,1963,m,choice_0,choice_4,choice_2,choice_0,choice_0,choice_0,choice_0,choice_0,choice_2,choice_1,choice_0,choice_1
03278ea4ff1f6eb7bf16d626a1b96f784c5016ccebf299b605d2c77eb1600ffd,094016125367bf839222a6ca92577c9b,f,1960,m,choice_0,choice_2,choice_2,choice_1,choice_1,choice_1,choice_1,choice_1,NA,NA,choice_0,choice_0
b318215bd8e02d1286de3375544bb2f104d3a7eeddc5ea734f8484e24f6878e0,c1da9cc4be20f99eb84e10c515aa1e97,m,1987,b,choice_2,choice_2,choice_2,choice_1,choice_2,choice_1,choice_2,choice_1,choice_4,choice_4,choice_0,choice_0
4e79c4fcdf12232dd73ffff76b8ebba11540e656cc11d2f63ab5e9e6dd6f43f7,97cd3f03d308446a370884b81886783f,m,1965,m,choice_0,choice_0,choice_1,choice_0,choice_2,choice_1,choice_1,choice_1,choice_1,choice_1,choice_0,choice_1
b0bf8847a7a0761ebe6c3e22ef443774f652a78e594747f656215eea9307d2c0,cf0c5a0aed947ab119ffdba93eb39a84,m,1987,m,choice_0,choice_3,choice_1,choice_1,choice_1,choice_1,choice_1,choice_1,choice_1,choice_1,choice_0,choice_0
858ce453d2724e1afcc461504372a67e1b04a8f6a058b9cca0de17701de9ac79,0ec2835dd0b74fa9c363050466404d64,m,1966,p,choice_0,choice_2,choice_1,choice_0,choice_0,choice_0,choice_0,choice_0,choice_0,choice_2,choice_0,choice_1
02668e7cd1a85ee9ab1ce085f2c143817d35f4ceda2966c4c1992c93b803fdbe,e9804e2d7fa082a4dd42b771a2321ef7,m,1985,a,choice_1,choice_2,choice_2,choice_1,choice_1,choice_1,choice_4,choice_1,choice_1,choice_1,choice_0,choice_0
60d49f9c3c94a3a5242caaa464d3f86fe891a4512ee6c1ed95815bc823e6cc8e,d53bca2205e0ee76fc863594d9dd4325,,None,,choice_0,choice_0,choice_2,choice_1,choice_1,choice_1,choice_1,choice_1,choice_2,choice_1,choice_0,choice_1
0dd4a0955f104987de1b78ca8ba17fc58febfd3de29db60cd179c8e34f981980,63b17674099bea766ad4892b111389a8,m,1966,hs,choice_0,choice_0,choice_3,choice_0,choice_1,choice_1,choice_1,choice_1,choice_1,choice_1,choice_0,choice_1
1cd42622ea66340ba7e1fddcb48b35578d0715e8056dc992ed3107dfcf3391fd,976bd6a88b527fa0b5cb4bb0f8efd91d,m,1952,b,choice_0,choice_0,choice_2,choice_1,choice_3,choice_1,choice_1,choice_1,choice_2,choice_1,choice_0,choice_1
c1fd03f1f3c9e53c88d548708f460e42500c9d7c765f56b7988d3135d32de3ec,19fbf52bc5d0f207bcdc07c9f17eca83,m,1970,m,choice_0,choice_0,choice_1,choice_0,choice_2,choice_1,choice_1,choice_1,choice_1,choice_0,choice_0,choice_1
1c7cb94e999aa5dc27f1406f69353349ca0ae3382f89a33172fc32d92b6fbef8,1d05c02777b3972943bfd2b5cd0f087a,m,1968,p,choice_0,choice_0,choice_2,choice_0,choice_1,choice_1,choice_1,choice_1,choice_1,choice_1,choice_0,choice_1
d4a91854f869a7015e385e4e06db72de396aaf280c7c7a71a6e218b24e3af7a8,6b88c57be364b42caa91638f3c0f6924,m,1952,m,choice_0,choice_0,choice_3,choice_0,choice_1,choice_1,choice_1,choice_1,choice_2,choice_1,choice_0,choice_1
978f07a7e8d49d0f0c413be9e3454d3b91762698b9aeaaf74cb6d8c313135d51,df26e7da9403002cb6498e793a89fd3e,m,1985,p,choice_0,choice_1,choice_1,choice_0,choice_1,choice_1,choice_1,choice_1,choice_1,choice_1,choice_0,choice_1
d6ec988e4501dd46ba9a6f344caa3b2658aa021d442eebd6c9d46da9ad070fca,41711ef4ca0f5c6526a5d1ef23bf396f,m,1991,m,choice_0,choice_0,choice_2,choice_1,choice_2,choice_1,choice_1,choice_1,choice_2,choice_2,choice_0,choice_0
0b8e63cb2036e4c65d79393a952744f4231c9c7a4f24a988228e7065b26b9f96,7f79092714c49c19c3e88d64c72ba2db,m,1973,m,choice_0,choice_2,choice_1,choice_1,choice_1,choice_1,choice_1,choice_1,choice_1,choice_1,choice_0,choice_1
954a87b37766a8fb2911ac7d7d00512d70a774b60165085eac4ba7a4a4ac6d04,5ee8af381b2abcfa6bce84dcceb6b42e,,None,,choice_0,choice_0,choice_1,choice_2,choice_2,choice_1,choice_1,choice_1,NA,NA,choice_0,choice_0
116a96f473f5ced99ea1afca5062559c46e6bbb9dfb9aeebffbe5b1dbfa3891f,75f394ae0eeda5c8722942c0234817fa,m,1993,m,choice_0,choice_0,choice_1,choice_1,choice_1,choice_1,choice_1,choice_1,choice_2,choice_1,choice_0,choice_0
4de1bb05818144f0db0f64d3f14a6a046d06b53c67287cbb56a33ebbf8abdd48,27c7be17072d21f8f3255971a292619e,m,1986,m,choice_0,choice_0,choice_2,choice_0,choice_1,choice_0,choice_0,choice_0,choice_0,choice_0,choice_0,choice_1
6a13123b9b565f9faf153b3052d9875e28c7a1e5d569ed1deed0edd33b497cfc,a6fb2988ddc815f70f705c3cd46c986e,m,1983,m,choice_0,choice_0,choice_2,choice_1,choice_0,choice_1,choice_1,choice_1,choice_1,choice_1,choice_0,choice_0
236bd6e291932300c4cacc6952cb8d4d0041d2fda40145ab44d08788f4b30b83,c6e2a75d02832c621a657dbb93caa9c6,m,1990,b,choice_0,choice_0,choice_3,choice_0,choice_3,choice_1,choice_2,choice_1,choice_1,choice_0,choice_0,choice_0
da508fc1e8a2b057c4f37316d88b059879759c05eb6e433a7631d60f8aad7f02,4a4d66dc096489e0bebf287af855e77a,m,1992,b,choice_0,choice_0,choice_2,choice_1,choice_1,choice_1,choice_2,choice_1,choice_3,choice_0,choice_0,choice_1
f319d8a3a63fbaf3803fdad856e078c984eeab1f96acb54feef3e8d34f84a0b4,b383304fc488077cb206e1f62fb4931a,,None,,choice_0,choice_0,choice_2,choice_0,choice_1,choice_1,choice_1,choice_1,choice_1,choice_1,choice_0,choice_1
5a9d132fb57f342ee30f6856c9ed6bd1c9f0f43cf67a80a0255f8ce3de8bc45b,2d5baffb2b4343295ae90b7351455ca2,m,1963,m,choice_0,choice_2,choice_1,choice_0,choice_0,choice_1,choice_1,choice_1,choice_1,choice_1,choice_0,choice_0
78a08a5cb04d92a8daab11afb2a63afb608870e415a9a18ea0fef641f1ea66a6,262296c9dfc9dbd51a8dab9a6465f318,m,1967,m,choice_0,choice_0,choice_2,choice_0,choice_1,NA,choice_1,choice_1,NA,NA,choice_0,NA
e26bbe4b0a18e3a7b56b35a56680909979240594aeeb7dd186ef4c3f1657e22a,bfbdcf929b5f4b8f9699bf4f124ed6a3,m,1980,m,choice_2,choice_0,choice_1,choice_0,choice_0,choice_1,choice_1,choice_1,choice_1,choice_1,choice_0,choice_1
3a84aa60cd3d6211e8ef3906bbe0170af5c76be4ca1b8464c3b0e49e6c9d9a43,fa3224a8d9b9e83f1e278e28b43bb951,m,1966,hs,choice_0,choice_4,choice_1,choice_1,choice_2,choice_1,choice_1,choice_1,choice_2,choice_2,choice_0,choice_1
68e659972803ab6357e3d53678bd7abb1cc1a09d87b77f1fa9ab8c3b2c8f99de,c39c444e6f3cad394113a7f79d2ef828,m,1973,p,choice_0,choice_1,choice_1,choice_1,choice_3,choice_1,choice_1,choice_2,choice_1,choice_1,choice_0,choice_0
e4be6ee8b732666442d1cc2ae62732744a35d4345e0fe5cdf94a0f9ae90fecb7,65ff53209365bde7f096c2f8b7389ed6,m,1969,m,choice_0,choice_0,choice_1,choice_0,choice_0,choice_1,choice_1,choice_0,choice_0,choice_1,choice_0,choice_1
fb4c1121ef274d9fea6e55396f0fb83a716ad9f0bc486442f963e4b30cdc0658,8ea3599bb63aed5979e991e24e9020f8,,None,,choice_2,choice_0,choice_3,choice_0,NA,choice_1,choice_1,choice_1,NA,NA,choice_0,choice_1
8af7a2703c9c5ede7096dc8aef3d816edb686944ad74cdb60e503cafbb4b7b36,7ef3091c021678704923f1eecf7b43b3,f,1990,m,choice_2,choice_1,choice_4,choice_0,choice_1,choice_1,choice_1,choice_2,choice_2,choice_1,choice_0,choice_0
69679a48c689f6b3c928b759c7adb8c681e77c7b224b013df377a33a42d72e29,9effd2a3aab05ff62fcfbb8e7bba8cd0,m,1970,none,choice_0,choice_1,choice_1,choice_0,choice_1,choice_0,choice_1,choice_1,choice_2,choice_2,choice_0,choice_1
4f82b63e189aa5f964e69963c0cfb24c0b9157f9761ef0af0063f860954113ab,9c083fd9cdd97606e93c3ac10b9df675,m,1977,b,choice_0,choice_2,choice_2,choice_0,choice_2,choice_1,choice_1,choice_2,choice_2,choice_3,choice_0,choice_0
cc66e2b96aa80bae397f420378d2124fa60f4a6077e0d62eeb7c87938d205ff0,d962a32471d58a34a2a6177073f73d9c,m,1977,m,choice_0,choice_0,choice_3,choice_1,choice_1,choice_1,choice_1,choice_1,choice_1,choice_1,choice_0,choice_1
8f2a99e33cb3526e744bfc85e594f6fa7631c65236d2fce979b5548688bb9399,1d55ac96733d85049c1edcf65f887a3b,m,1974,m,choice_2,choice_0,choice_1,choice_0,choice_0,choice_1,choice_2,choice_2,choice_2,choice_1,choice_0,choice_1
5445de9ffa3de3b3ea1a9d391ebfb031d31276c3b79a4fa386743b5afc9b77fe,54ba528c0b3ee8911541ee1d7d4ef6ef,m,1949,m,choice_0,choice_0,choice_2,choice_0,choice_0,choice_1,choice_1,choice_1,choice_1,choice_1,choice_0,choice_1
d23257f26170282cd1d251ee59210385242fe4fa73a01070486f456395aaaaf9,8aca596b5207e206f432d8ff8056ff84,m,1975,b,choice_0,choice_1,choice_1,choice_0,choice_0,choice_0,choice_0,choice_0,choice_0,choice_0,choice_0,choice_1
be8ba458e549ab84893ffa0fa9bdfa4221cbbca179883dee56b74749f06e2e22,613eb310ce07908516220173e00e52f7,m,1982,m,choice_2,choice_0,choice_2,choice_0,choice_1,choice_1,choice_1,choice_1,choice_1,choice_0,choice_0,choice_1
159ea05df8dd1008aa152ca9d39cff05de75adc12aa72ee032c47f1d48d71d5f,7d04a0ecb33742c408fccc7418f35446,m,1985,p,choice_0,choice_0,choice_3,choice_0,choice_1,choice_1,choice_1,choice_1,choice_1,choice_1,choice_0,choice_1
0c14d9a5bcfd7ec2ccd3091c2ce9cb4f67822f4a5ed2393d49d550cde2bcbf90,fb19c34cd4436abb64a28ad796fd4adb,m,1991,b,choice_0,choice_0,choice_2,choice_0,choice_1,choice_0,choice_1,choice_2,choice_3,choice_2,choice_0,choice_0
f5b73ef92f8f80b8f3ca4f2361ca3e20764ac51eec73a6a4fd558a078b3265e0,ec1686540139ebdc987476f34d91dea4,m,1977,p,choice_0,choice_2,choice_1,choice_0,choice_0,choice_0,choice_0,choice_0,NA,NA,choice_0,choice_1
31f30df45a38c97b1ebdcaa4176b08f82083103d24ae44c137a08a92efef8b8a,302101a9910cf510a26933b8c430ca39,m,1976,m,choice_0,choice_2,choice_1,choice_1,choice_1,choice_0,choice_0,choice_0,choice_2,choice_1,choice_0,choice_1
df280ff2388af59b644c8ebe6af2ff73a4536b4f9543a936ed0d0e65ecdb7387,ecb27604ac010032582b16accafb1255,m,1955,m,choice_0,choice_0,choice_2,choice_0,choice_1,choice_0,choice_0,choice_0,choice_1,choice_2,choice_0,choice_1
dd75beffbb1b72b25a5a90e9698061d9760b3126fba995bdc78a7b791a76f3bb,8cb6256f662a4a243743c7ad66bb57dd,m,1980,hs,choice_1,choice_0,choice_1,choice_0,choice_0,choice_1,choice_0,choice_0,choice_1,choice_1,choice_0,choice_0
1936c3bc8fd5071dbfef7f5146d0d66c6842094387d21b5a4dc0c4ae3b087e8e,36f6a38eb5c55a14620e3d0ddabf1a05,m,1973,m,NA,NA,NA,choice_1,choice_1,choice_1,choice_1,choice_1,choice_1,choice_0,choice_0,choice_1
5419ad2f4668fad1d8034e988e9eed1c6618615fa919ea0405f115b8d1d03be9,c3bb451ef70600dae5892d6f3eddce75,m,1984,m,choice_2,choice_0,choice_1,choice_0,choice_1,choice_1,choice_1,choice_1,choice_1,choice_2,choice_0,choice_0
b6cd5ad4c6ed57613dc21c9c11aa8034766199da4c5aaacbad4060a7ac06292b,48671b217afc1005ed87788f7328e873,m,1965,m,choice_0,choice_2,choice_2,choice_1,choice_1,choice_1,choice_0,choice_1,NA,NA,choice_0,choice_0
2c6614ad919040fe35e06fb31f2d0b55b3278fffb18bcbdb17d8513098a28b6e,d5f6593264dcfbc62649aa3fb0bc6c09,m,1985,p,choice_2,choice_0,choice_2,choice_1,choice_2,choice_0,choice_1,choice_1,choice_1,choice_1,choice_0,choice_0
27aeabc42896e47e1aaa48f9cd72cf7a49033cec6bc9f18b61c21fb28b7041db,8e5bad860c49f15c8e94b1560017e719,m,1990,m,choice_0,choice_0,choice_1,choice_0,choice_1,choice_0,choice_2,choice_0,choice_1,choice_1,choice_0,choice_1
2789a423d3c4934402b5c43075d2579976015d7b1f566a372955abb2a9f0b898,236458982323b6620947480b8e52428b,m,1958,m,choice_0,choice_0,choice_2,choice_1,choice_2,choice_1,choice_1,choice_0,choice_1,choice_1,choice_0,choice_1
7ff0ae15810d703287acc313263bfa19c43ffa9821bc44b1deec15eb01eae958,9ec6d768276c0c692bc8f7957256a0f9,m,1982,m,choice_0,choice_0,choice_2,choice_0,choice_0,choice_1,choice_1,choice_1,choice_1,NA,choice_0,choice_1
0bd47289ed976405cff8dc5699ab7e3489d4a49372a63e94d1f40e37cfd29791,bc29f910c55e43730503b89317305675,m,1990,m,choice_2,choice_1,choice_2,choice_1,choice_2,choice_1,choice_2,choice_2,choice_2,choice_1,choice_0,choice_0
695a9d711711c9496fdc36debddab930402c972b3a58c6636574d4346a630f68,28bbc37a95168fb94807ef1906f4c5ba,m,1990,m,choice_0,choice_2,choice_1,choice_0,choice_1,choice_1,choice_1,choice_1,choice_2,choice_0,choice_0,choice_0
ec529625de73861b9023516760da62037215381ac258b03b941c2c017f17c8f3,d334b28782e35c45755928d60bfbb5c6,m,1991,m,choice_0,choice_0,choice_2,choice_0,choice_1,choice_1,choice_1,choice_1,choice_1,choice_0,choice_0,choice_0
b4efd106836f36a0cff8087eec1b80841e5cd8e44087e97b2bb717c0cf45ac22,83ab11ae792298cd9c41558de8ccaef6,m,1992,m,choice_2,choice_0,choice_0,choice_1,choice_4,choice_1,choice_1,choice_1,choice_2,choice_1,choice_0,choice_0
341e2fb660fe3ae7d6e9aba6574c720bb71e3e8892c5887fab4d71b15c2ee558,b28da66520bdc2b1b70c5d7dc5c7b600,m,1988,hs,choice_0,choice_0,choice_2,choice_1,choice_2,choice_2,choice_1,choice_2,choice_3,choice_1,choice_0,choice_0
000a356547e5e0086fde900077141473c96372121f6fbbcd06df505020aa6964,222d627ae69e3e0cf98b6cafff9c0201,m,1983,m,choice_0,choice_0,choice_1,choice_2,choice_2,choice_0,choice_1,choice_1,choice_1,choice_1,choice_0,choice_0
59475e6e8a671ce534a9f5a7970508d7a9828455a4892327647c5085bceb54a5,2e930713b3eabf3bacc58f680622444d,m,1994,hs,choice_2,choice_0,choice_0,choice_2,choice_2,choice_2,choice_4,choice_4,choice_4,choice_2,choice_1,choice_0
107448624777384d4596dc3efb0132197a8a22b8a43c14b1207d4e0e1d7e0fd0,41594c5cec185e1f3000e4e2e843d4e0,f,1979,m,choice_2,choice_1,choice_1,choice_1,choice_1,choice_1,choice_1,choice_1,choice_1,choice_1,choice_0,choice_1
fca8076088b0e987a131405784407c10d8083f5c595cb9d4fc5ba65b302ebbdb,f20ff6e769b5ed1d05170673b07c9009,m,1958,b,choice_0,choice_0,choice_1,choice_1,choice_1,choice_2,choice_2,choice_2,choice_1,choice_1,choice_0,choice_1
2099f0ded54d06978b4fcede3334c071ce71de1cfefd085838d4704b269a8d1a,d183415b41f98ebb4077f2c302e23fa2,f,1987,m,choice_0,choice_0,choice_3,choice_0,choice_1,NA,choice_1,choice_1,choice_1,choice_1,choice_0,choice_0
fffcdf32793f5f1818ce178799d63bf0054e24d8b7e3f1ec609bdef330c71dd9,1308a640979af086429b4272b7f7f9d9,m,1985,jhs,choice_2,choice_0,choice_3,choice_2,choice_1,choice_2,choice_2,choice_2,choice_2,choice_1,choice_0,choice_0
e97e3dac5a5201f600d746f69c055671c066c83bc4f3108772c0ae90e86446cf,643f3ee09e5a721b6bac478b4fdeae0d,o,2000,none,choice_1,choice_0,choice_0,choice_1,choice_1,choice_1,choice_1,choice_1,choice_1,choice_2,choice_0,choice_1
d2abc4499182b6279c06bbe2ebc46432c4fb8d8f8a21977970ec2fc192644e25,ae59fdf379f939c62ac356c1dcaa64c6,m,1968,b,choice_2,choice_2,choice_4,choice_0,choice_0,choice_1,choice_1,choice_1,choice_1,choice_1,choice_0,choice_1
65062e00654cf0a8b425ae8610f8656dd43332abf789be481d0a6cf2c22eb48f,5be84329c970515e5c0a51b1e512ddf6,m,1973,m,choice_0,choice_0,choice_1,choice_0,choice_1,choice_1,choice_1,choice_0,choice_2,choice_2,choice_0,choice_1
ed29dc6b1197ff63f6ac745e72a3202b34accb791c8e67b03550618cad6f126e,5439aaadde6f1f0c6d8de5ddb9f7a91d,m,1989,b,choice_0,choice_0,choice_2,choice_0,choice_1,choice_1,choice_2,choice_1,choice_2,choice_1,choice_0,choice_0
23224452acfb56c177b28db55121cd03f2de09440f87422cb2a373c69f5178af,23fab0c86d3a86de8e29e24526f7c260,m,1985,m,choice_0,choice_2,choice_1,choice_1,choice_1,choice_0,choice_0,choice_1,choice_1,choice_0,choice_0,choice_0
dbe2763c89dcdc269f0c87e4d2a673ba177edbb407eb0d7b1954a3301716e435,92ccc380a174f47d8db41ab1b1b92ae6,m,1993,b,choice_0,choice_0,choice_1,choice_1,choice_0,choice_1,choice_1,choice_1,choice_4,choice_0,choice_0,choice_0
9e7e446c104d011abf490cba19655f04aa07945162b62eda9719636d7889291a,7c7e3c57950d1d417f5d412540ed5113,m,1956,m,choice_0,choice_2,choice_2,choice_0,choice_0,choice_0,choice_0,choice_0,choice_1,choice_0,choice_0,choice_0
efd2153349e9049b85e3a509a9fb2752c5c8e2825db22aa71eae6f9fe18a7388,c035806bcda1afeebb007688c223c98f,m,1978,jhs,choice_2,choice_2,choice_1,choice_0,choice_0,choice_0,choice_0,choice_0,choice_0,choice_0,choice_0,choice_0
33778f89d3030517cd16381ef2209850be7af2f686faab2381edf553d97828e1,713e90f3403a1aa70cee6c56af6c26ac,m,1966,jhs,choice_2,choice_0,choice_1,choice_0,choice_0,choice_1,choice_0,NA,NA,NA,choice_0,choice_0
a453459bedcc58a892180fea450cdb115fe54bac493ce7ec71663d3e592653f8,3d8aa36e04f86857787142abff0e0b7c,m,1981,b,choice_1,choice_2,choice_0,choice_0,choice_0,choice_4,choice_1,choice_4,choice_4,choice_3,choice_0,choice_0
4b90956d6631e81b83a2b52e1b2e31ccb4dd9034a4db91d6f0c414eebf8f7c4f,d30fda2cb016f2597de614bdc2a31778,m,None,b,choice_0,"[u'choice_0', u'choice_1', u'choice_2', u'choice_3']",choice_0,choice_0,choice_1,choice_1,choice_1,choice_1,NA,choice_1,choice_0,choice_0
01e53320ded315be60db29d97c928ec79fd2a2c144ce114d85b8352ad905f071,4e44116204424b6eeed8a58213efa01e,m,1959,m,choice_1,"[u'choice_0', u'choice_1', u'choice_2', u'choice_3', u'choice_4']",choice_0,choice_2,choice_1,choice_1,choice_1,choice_1,choice_1,choice_1,choice_0,choice_0
ecafe6754caf480d39001884dd86cdaac71656011860261ab17bef30744d3b59,66d593c10230d4a56bdc1f317a280422,m,1993,m,choice_0,[u'choice_0'],choice_1,choice_1,choice_1,choice_2,choice_2,choice_2,choice_2,choice_1,choice_0,choice_0
5ae657c5fc0a626c7bdb0d6619c1833fc5d79a677fbaa8a2663ea8e5f4e4e29f,61c30c22fb1944014dcd4ee4606ef602,m,1991,jhs,choice_0,"[u'choice_2', u'choice_3', u'choice_4']",choice_1,choice_0,choice_1,choice_0,choice_1,choice_0,choice_0,choice_0,choice_0,choice_0
