"","Quest","course","id","course_specific_id","gender","year_of_birth","level_of_education","Objectif_Atteint","Compet_Acquises","Heures_Travail_Passees","Satis_Videos","Satis_Supports_Ecrits","Satis_Quizz","Satis_Discussion","Satis_Serious_Game","Recommand","Inscri_Proch_Sess","enrollment_time","country","certificate","unenroll"
"1","fin","MinesTelecom/04013/session01","3b45a62b777d684acc379d4a011d045cc9c3a827dd98c12a33bf6818283984ec","c2db4583841247f68207140ca597a4a9","m","1970","jhs","Partiellement","Comprendre le fonctionnement des echanges suivant ces modeles","2h a 4h","4","5","4","4","4","Oui","Oui","2015-09-17 02:59:35","","True","True"
"2","fin","MinesTelecom/04013/session01","7b9a9eadd70da4614868d3180b9c857b8e5fc7f4a9db83fc4169bebbb5ef4390","60271abe4614840e90a091b1613297f6","m","1983","m","Partiellement","Maitriser le vocabulaire et la terminologie telecommunications et reseaux","2h a 4h","4","4","4","4","4","Oui","Oui","2015-07-21 13:17:11","","True","True"
"3","fin","MinesTelecom/04013/session01","e4ca4bc24045682a5337e7ead4075a9c8bafd5d365bd805d8de78bd7a7e0391c","03e9793882b0ead0babddf328c68561a","m","1981","hs","Vide","Vide","Vide","4","4","4","4","4","Oui","Oui","2015-08-18 09:24:17","","True","True"
"4","fin","MinesTelecom/04013/session01","dd6d48ee77bad5cde841cd316be1a0d72dfeaf55ba86570c0d2b21572c11947f","d40b9e762f0b13830af6bf2571e291c7","f","1990","m","Oui","Comprendre le fonctionnement des echanges suivant ces modeles","2h a 4h","3","4","4","4","4","Oui","Oui","2015-09-10 12:19:14","","True","True"
"5","fin","MinesTelecom/04013/session01","521b4e44200b1a4b4a9b6b2d9db1c4404f1ed11e7ebe8b2fd11aebd50229ae3a","f7b575c536e584cfd96bfa47fce4df36","m","1966","m","Oui","Comprendre le fonctionnement des echanges suivant ces modeles","Moins d'1h","4","4","5","3","4","Oui","Oui","2015-07-28 12:11:35","","True","True"
"6","fin","MinesTelecom/04013/session01","2db51122eb040ee1f3a15de7775484f2c0c28aa870ccb447fa800d6d018d545e","ff0a6587a9dd9b018f87cc8d809487da","m","1978","hs","Oui","Reconnaitre le materiel utilise ainsi que les principaux services proposes a travers la notion de reseau","Moins d'1h","4","4","3","4","5","Oui","Non","2015-09-14 19:12:21","","True","True"
"7","fin","MinesTelecom/04013/session01","5b870ef48e5a78e697a5a3103050fdcc02c18ed7ad55a64a67bd17a45bae1af5","f7acf35574aff81178897c5afb974d6a","m","1979","hs","Oui","Reconnaitre le materiel utilise ainsi que les principaux services proposes a travers la notion de reseau","2h a 4h","4","4","4","4","4","Oui","Non","2015-08-05 16:24:20","","True","True"
"8","fin","MinesTelecom/04013/session01","8b64ec3b92d0c1654c51540b6128bbffa89b6027f3be7d3657d8201881046e2a","bd3776e02dc412c203bde94c24a7c2de","m","1965","m","Oui","Maitriser le vocabulaire et la terminologie telecommunications et reseaux","Moins d'1h","Vide","Vide","Vide","Vide","5","Oui","Oui","2015-07-20 12:25:56","France","True","True"
"9","fin","MinesTelecom/04013/session01","dd36489aa2ff8599e56b511e48c684577e5676cbdd0150abfa06616c7d8f67f6","55aa304395170df6cc09dd127757c89d","m","1992","jhs","Oui","Maitriser le vocabulaire et la terminologie telecommunications et reseaux","2h a 4h","4","3","4","4","4","Oui","Non","2015-09-30 14:44:58","","True","True"
"10","fin","MinesTelecom/04013/session01","bbf3d5ea1231f98f91c5782d5cab567cbfdba255e086cb75c323977022cb02ee","5e22ce3d7fdd0dc663fe694bec73acb3","f","1964","a","Partiellement","Comprendre le fonctionnement des echanges suivant ces modeles","2h a 4h","4","4","4","3","4","Oui","Oui","2015-09-22 21:35:54","","True","True"
"11","fin","MinesTelecom/04013/session01","3cf45ed60f4dcd9067571860dfab0e83d1770a5580da3a90a6f369aa949e88fa","6821c1fc73528bab9de35307ad960b3d","m","1956","m","Oui","Comprendre le fonctionnement des echanges suivant ces modeles","2h a 4h","5","4","4","4","3","Oui","Non","2015-08-31 11:10:45","","True","True"
"12","fin","MinesTelecom/04013/session01","37ca05e834c47170b02f766a0a891bf4b1d3fb38175051a676dbbb767d7a1d22","065508902ffc39db4381c40e747b56a1","m","1954","hs","Partiellement","Maitriser le vocabulaire et la terminologie telecommunications et reseaux","2h a 4h","Vide","4","4","4","4","Oui","Non","2015-10-07 07:47:37","","True","True"
"13","fin","MinesTelecom/04013/session01","dc335cd0b582b19e5fc37283862e3295e3a5ec68f21f0718fa2a42ab46482c31","0f398dbcad2ab4e7b5c47ba0c8f1f246","m","1957","m","Partiellement","Maitriser le vocabulaire et la terminologie telecommunications et reseaux","2h a 4h","3","4","5","4","1","Oui","Oui","2015-09-03 12:02:45","","True","True"
"14","fin","MinesTelecom/04013/session01","1880ea77f6e4abedf89217e1d76b72ad12dba2296dd50f493cc452158b69112c","1e52c08ddc7b25436f057331dc815399","m","1976","m","Oui","Maitriser le vocabulaire et la terminologie telecommunications et reseaux","2h a 4h","4","4","4","3","3","Oui","Oui","2015-09-14 16:29:09","Belgium","True","True"
"15","fin","MinesTelecom/04013/session01","cc2da40886969542eee2bd8bca8c6de3d70696e2571976bb575b0c43baccb588","8edc08be5c333ccf57f0931a4b667574","m","1962","hs","Oui","Comprendre le fonctionnement des echanges suivant ces modeles","Moins d'1h","5","5","4","3","4","Oui","Non","2015-08-09 11:12:50","","True","True"
"16","fin","MinesTelecom/04013/session01","5bf30d1394c3c7b35c9616b5184ebce58628ffb81193c89f53fb57bd22927425","68ce88f3aea03aafb4eae39ca668e44e","m","1967","a","Oui","Maitriser le vocabulaire et la terminologie telecommunications et reseaux","2h a 4h","5","5","5","5","5","Oui","Non","2015-09-04 09:53:38","","True","True"
"17","fin","MinesTelecom/04013/session01","1fed59e09f310ede3080fa0daec61708f58965a1f48241476583a41fe7c8c9b4","947fb4127e3daa8d194975f0e06aba18","m","1962","b","Oui","Decrire les modeles en couches et leur interet","2h a 4h","4","4","4","3","3","Oui","Oui","2015-10-01 12:39:43","","True","True"
"18","fin","MinesTelecom/04013/session01","902412f530009a15aee17c3515e30be49051858ea19c4b0c4005244bdfb3c662","25b4ad54b12eb6b70288904d4e2d84dc","m","1954","other","Partiellement","Reconnaitre le materiel utilise ainsi que les principaux services proposes a travers la notion de reseau","2h a 4h","3","4","3","Vide","Vide","Oui","Non","2015-08-14 13:35:34","","True","True"
"19","fin","MinesTelecom/04013/session01","d94df03326416e0484a4b743fe07cc2f2d35b4ac3cb0e8275a78fd96bd8962e6","54a881a6ab7481776435f33fdae221f5","f","1980","b","Partiellement","Reconnaitre le materiel utilise ainsi que les principaux services proposes a travers la notion de reseau","2h a 4h","1","3","4","3","3","Oui","Non","2015-10-01 14:37:42","Morocco","True","True"
"20","fin","MinesTelecom/04013/session01","1d9f9a470b8756722732b9e420aa32b0bfc72ec8fce2c84af5fb6a218fab7c14","e8ba82555ed9d99dba23981f4d5881f1","m","1980","b","Oui","Reconnaitre le materiel utilise ainsi que les principaux services proposes a travers la notion de reseau","2h a 4h","4","4","3","4","3","Oui","Oui","2015-09-10 10:36:30","Niger","True","True"
"21","fin","MinesTelecom/04013/session01","63395a3e2c7345ae115ab9e80744134c34a2e3330ffcfa365088212706d98481","cc201b1d84eac883806e1be85cf74c2c","m","1993","m","Oui","Maitriser le vocabulaire et la terminologie telecommunications et reseaux","2h a 4h","4","4","4","3","4","Oui","Oui","2015-08-15 21:14:35","","True","True"
"22","fin","MinesTelecom/04013/session01","d20fd6dbd07f09d4c398742219a7329df1c05a6a59e08db9d9310888a0cb1227","e22ab5831468f7af14f35381bd4e2e2e","f","1989","m","Oui","Reconnaitre le materiel utilise ainsi que les principaux services proposes a travers la notion de reseau","Moins d'1h","4","5","4","4","4","Oui","Oui","2015-08-21 09:58:24","","True","True"
"23","fin","MinesTelecom/04013/session01","e63de7688b9d217b8f214c78a32b8e16fcec0b5b9191dacbdf076ad4671f3007","0bf4f3aa14fd29e5be151c816806822d","m","1987","b","Oui","Comprendre le fonctionnement des echanges suivant ces modeles","5h a 8h","5","3","4","3","4","Oui","Oui","2015-07-30 04:57:33","Congo (the Democratic Republic of the)","True","True"
"24","fin","MinesTelecom/04013/session01","7be5ea17677816948a49e98d52539872c3e68be093ea609be769b52d893ccb50","ea07379fe29e50004448ee26c1a427ef","m","1976","m","Oui","Maitriser le vocabulaire et la terminologie telecommunications et reseaux","2h a 4h","2","5","5","3","2","Oui","Oui","2015-09-08 15:19:47","","True","False"
"25","fin","MinesTelecom/04013/session01","7aa2fcc6b42523866dc735b2a6db5b454205cc49f819c43e6b83957eb945b6fb","131d9bd0f0535cf231c4b71a75904f9b","m","1983","m","Oui","Comprendre le fonctionnement des echanges suivant ces modeles","2h a 4h","5","5","4","3","5","Oui","Non","2015-07-20 22:04:18","","True","True"
"26","fin","MinesTelecom/04013/session01","33203ed6b587dc5ec7dc277b2270f5fcb2f81f9f89bdf9c9d3fa59d3f1858498","42660c72ef54f40c8a80c022fa9bda03","m","None","","Oui","Maitriser le vocabulaire et la terminologie telecommunications et reseaux","Moins d'1h","4","4","3","4","3","Oui","Oui","2015-08-31 16:57:07","","True","True"
"27","fin","MinesTelecom/04013/session01","329963b6985105f70d9ae1d5e12ab8912b44b07457148458c7830e574eed00f2","6510c68db4f3ec9e09fa604a88baae64","m","1977","a","Oui","Maitriser le vocabulaire et la terminologie telecommunications et reseaux","2h a 4h","5","5","5","5","5","Oui","Oui","2015-07-21 08:50:09","","True","True"
"28","fin","MinesTelecom/04013/session01","0a430530c2d821597ea5238f9d40a05478d971cb51da770cdbdb8e131b253eaf","be367b4b3126e586636fcbad120f6c7e","m","1986","b","Oui","Decrire les modeles en couches et leur interet","Moins d'1h","5","4","4","4","3","Oui","Oui","2015-07-29 14:29:29","Senegal","True","True"
"29","fin","MinesTelecom/04013/session01","f3e295342645a1ebe9769f63f8cb3906495b4d5aaca27c5bc1650cb5d40533d0","5c0527deff576ebd2a42badc7ef5b249","m","1959","jhs","Partiellement","Decrire les modeles en couches et leur interet","2h a 4h","4","4","3","3","3","Oui","Non","2015-07-21 19:50:56","","True","True"
"30","fin","MinesTelecom/04013/session01","9bae78eea6cb65bd68e30b291b1ac1c7b8ab758a4076f0fd3191f4aa975d2c80","12295f2f8c3585b07afbbac3c1fdf221","m","1961","hs","Oui","Comprendre le fonctionnement des echanges suivant ces modeles","2h a 4h","4","4","4","4","4","Oui","Non","2015-07-30 21:14:11","","True","True"
"31","fin","MinesTelecom/04013/session01","36fdb7ea6ee69b2286b72f64d994669cb6b3b6d1f93905c2eeb729e6624cb502","b7ac55b91e68a7d01e997fecb2ed7851","m","1967","hs","Partiellement","Reconnaitre le materiel utilise ainsi que les principaux services proposes a travers la notion de reseau","2h a 4h","4","4","4","3","4","Oui","Oui","2015-09-10 21:15:16","","True","True"
"32","fin","MinesTelecom/04013/session01","2a1b8342a5fc8ab7875ad6db50e7facbf74a0c2c4e633c61343b4f311dcf7eff","a4372e70f2ed21c33a0e8567ec75e5cf","f","1980","p","Oui","Maitriser le vocabulaire et la terminologie telecommunications et reseaux","Moins d'1h","4","3","4","Vide","3","Oui","Non","2015-09-02 20:41:40","","True","True"
"33","fin","MinesTelecom/04013/session01","602f68280368c413e4dd1563b07652f40b1312e32522f57686b57dc0e7cec1f8","83344b843e43efb1527f01258c628e7f","m","1984","jhs","Partiellement","Reconnaitre le materiel utilise ainsi que les principaux services proposes a travers la notion de reseau","2h a 4h","4","4","4","3","4","Oui","Oui","2015-09-08 15:49:39","","True","True"
"34","fin","MinesTelecom/04013/session01","93cebcf72e57f499f3617091d29682550797064f8389fbbacf4851f46b4b81fd","23c608452385b62ba35b78311647263a","m","1945","jhs","Oui","Maitriser le vocabulaire et la terminologie telecommunications et reseaux","2h a 4h","4","5","3","3","3","Oui","Non","2015-09-16 16:32:20","","True","True"
"35","fin","MinesTelecom/04013/session01","f4fb765bb9c3eebb23567ec95ff9ff77f4469aa809d6673c70b78f3a8fcf9a04","d530d23cda6bfdb0998a1d435ae38788","m","1968","hs","Oui","Maitriser le vocabulaire et la terminologie telecommunications et reseaux","2h a 4h","5","5","4","4","4","Oui","Non","2015-09-09 10:31:39","France","True","True"
"36","fin","MinesTelecom/04013/session01","9583617bcccc70f86a5aeb3fda8ce78e05544947579f48edac3c42193870701e","0fec4039680814c6595c27acc34045bc","m","1989","m","Oui","Maitriser le vocabulaire et la terminologie telecommunications et reseaux","2h a 4h","5","5","5","5","5","Oui","Oui","2015-09-02 19:02:51","","True","True"
"37","fin","MinesTelecom/04013/session01","31bfe2e16dc46ef1a3bf4ade10d7a7fb94d7d782d5a1a219e6784c81a0808834","21e0ea81817c0b474d7c73b1492d8f37","m","1983","jhs","Oui","Maitriser le vocabulaire et la terminologie telecommunications et reseaux","2h a 4h","4","4","4","4","4","Oui","Non","2015-07-23 08:06:27","","True","True"
"38","fin","MinesTelecom/04013/session01","91546cebec2f3997f12f76e19e2b79ca154727b9cdf7f934cadb5b5cd8979172","f1545c74285a4595adcf9f31dd0242be","m","1963","b","Oui","Maitriser le vocabulaire et la terminologie telecommunications et reseaux","2h a 4h","5","4","4","4","4","Oui","Non","2015-09-08 19:20:13","France","True","True"
"39","fin","MinesTelecom/04013/session01","32f8a5a6180995145e10580e36e8471e0386ebc2107b4e2515896d5414f3a063","7492977d056274fc012c18e54482ea5f","f","1962","m","Oui","Comprendre le fonctionnement des echanges suivant ces modeles","2h a 4h","4","3","4","3","4","Oui","Oui","2015-10-02 11:24:39","","True","True"
"40","fin","MinesTelecom/04013/session01","2b3d911f795fb3b830a73e0bebb0a3f6a663cdf1d3ec77e2e6366f31f28e0d51","6218420aa14ef310662c4ca21333ca98","m","1977","hs","Oui","Decrire les modeles en couches et leur interet","2h a 4h","4","4","5","Vide","Vide","Oui","Oui","2015-08-13 10:33:00","","True","True"
"41","fin","MinesTelecom/04013/session01","6edec84de3267c5d1ed1fb705e99afce3d3e72b1da58db8eb5337912b6b65bdd","e841655d8818a81ea22a4223b050b153","f","1952","b","Oui","Comprendre le fonctionnement des echanges suivant ces modeles","2h a 4h","4","4","4","3","4","Oui","Non","2015-09-28 01:27:19","","True","True"
"42","fin","MinesTelecom/04013/session01","107448624777384d4596dc3efb0132197a8a22b8a43c14b1207d4e0e1d7e0fd0","47b4b4dffecc3ec830d3e8197a05ada9","f","1979","m","Partiellement","Maitriser le vocabulaire et la terminologie telecommunications et reseaux","2h a 4h","4","4","4","3","4","Oui","Non","2015-07-23 09:43:02","France","True","True"
"43","fin","MinesTelecom/04013/session01","cc77c530b6122bf86c1d51d2cc2c6ff3bc8eca96cdeb95350d00d1f0863c5c78","84147e754aca9aef283a5ceeae63b661","m","1956","jhs","Oui","Reconnaitre le materiel utilise ainsi que les principaux services proposes a travers la notion de reseau","2h a 4h","5","4","3","4","4","Oui","Oui","2015-10-13 10:02:41","France","True","True"
"44","fin","MinesTelecom/04013/session01","50f04aac7b3b5adf28bef8b9073d25235e706d33e484127bac609a7735cf6cf3","bbc04778a90644d4739da9b21de25d86","m","1985","m","Oui","Reconnaitre le materiel utilise ainsi que les principaux services proposes a travers la notion de reseau","2h a 4h","5","4","5","4","4","Oui","Non","2015-07-22 06:29:35","","True","True"
"45","fin","MinesTelecom/04013/session01","c7eee80f9a8fd3f9df0aa7b38c527ab1969269069f9035f6598745553b16b06b","ae850ee5e7a58209eb9210fefb7a9c23","m","1986","m","Oui","Reconnaitre le materiel utilise ainsi que les principaux services proposes a travers la notion de reseau","Plus de 8h","5","5","5","5","5","Oui","Non","2015-10-06 20:44:26","C么te d'Ivoire","True","True"
"46","fin","MinesTelecom/04013/session01","b4efd106836f36a0cff8087eec1b80841e5cd8e44087e97b2bb717c0cf45ac22","bddaa6f8d53a1b86b3afacebaf747244","m","1992","m","Partiellement","Decrire les modeles en couches et leur interet","2h a 4h","4","4","4","3","4","Oui","Oui","2015-09-20 11:41:02","C么te d'Ivoire","True","True"
"47","fin","MinesTelecom/04013/session01","7fb3045c46a26f7f8a872720101d1bd3a5425098550f8d3b55a75699c51694a3","410b1713ce30a0113ba355f1bbd03006","m","1980","b","Oui","Maitriser le vocabulaire et la terminologie telecommunications et reseaux","2h a 4h","5","4","4","4","4","Oui","Non","2015-10-29 11:52:06","","True","False"
"48","fin","MinesTelecom/04013/session01","57e5a055e0545da1755f5fbca502bf6de24a92c5f247f744382d1785d0f35781","b71e7c7b151fc9fe337853673e981358","m","1983","b","Oui","Maitriser le vocabulaire et la terminologie telecommunications et reseaux","2h a 4h","4","5","3","4","1","Oui","Non","2015-07-28 20:06:56","","True","True"
"49","fin","MinesTelecom/04013/session01","ae207ffc6087ea1c75b1df0c83cd11f503be0bb2123f7768b7c8a55fd18cb628","4a01b9b2680ea6450e2f7c29a36ad894","m","1961","m","Oui","Maitriser le vocabulaire et la terminologie telecommunications et reseaux","2h a 4h","4","4","4","4","4","Oui","Non","2015-09-23 07:00:01","France","True","True"
"50","fin","MinesTelecom/04013/session01","6e93e32825a9c3aa06b0adedb87fdc11fd40a317329633fb2133fe0fce5d290e","705fdf3c72665b34facaf1110334bfa6","m","1971","jhs","Partiellement","Maitriser le vocabulaire et la terminologie telecommunications et reseaux","5h a 8h","1","4","4","1","3","Oui","Oui","2015-07-28 17:54:21","","True","True"
"51","fin","MinesTelecom/04013/session01","382e46d6969d8c876e27abffcfc0eec0db11d5653375c87cbb39235bac4a0c0e","16535b1c2f4dbed8f804fb339654ffdd","m","1964","el","Oui","Maitriser le vocabulaire et la terminologie telecommunications et reseaux","2h a 4h","5","5","5","4","5","Oui","Non","2015-09-13 17:28:06","","True","True"
"52","fin","MinesTelecom/04013/session01","5a9d132fb57f342ee30f6856c9ed6bd1c9f0f43cf67a80a0255f8ce3de8bc45b","b19a9a69bbae08c8225df042ee96f548","m","1963","m","Oui","Reconnaitre le materiel utilise ainsi que les principaux services proposes a travers la notion de reseau","2h a 4h","4","4","4","4","3","Oui","Oui","2015-10-01 08:51:49","","True","True"
"53","fin","MinesTelecom/04013/session01","1936c3bc8fd5071dbfef7f5146d0d66c6842094387d21b5a4dc0c4ae3b087e8e","208d6ee6d8b125b09d4f3e8d0b6753b8","m","1973","m","Oui","Reconnaitre le materiel utilise ainsi que les principaux services proposes a travers la notion de reseau","2h a 4h","4","4","4","4","3","Oui","Non","2015-07-22 21:02:16","","True","True"
"54","fin","MinesTelecom/04013/session01","1e02e61f8de705f478c93dfb7dbc10a786761fe6a800bb5090258f266e2fbe77","fdce201dc416ccc6dab7cabc44fa7477","m","1972","m","Partiellement","Maitriser le vocabulaire et la terminologie telecommunications et reseaux","2h a 4h","4","4","4","4","4","Oui","Oui","2015-10-02 11:44:47","Togo","True","True"
"55","fin","MinesTelecom/04013/session01","78e34118c77517b19bccfe03d5149446c55500f12c883916bed7ec56a89c44b4","3eccb50fe3478157667089fa0a11de1c","m","1983","m","Oui","Maitriser le vocabulaire et la terminologie telecommunications et reseaux","2h a 4h","4","4","4","4","5","Oui","Non","2015-10-06 17:30:05","","True","True"
"56","fin","MinesTelecom/04013/session01","51e42c0c77a6d79c5ddc7c99d4fc2a7aa5de287feb2b2a3446ee5200ab9a2177","78d7e3ea14aa266225ea6288e1c64557","m","1963","m","Oui","Decrire les modeles en couches et leur interet","5h a 8h","4","3","4","2","3","Oui","Non","2015-09-27 15:36:10","","True","True"
"57","fin","MinesTelecom/04013/session01","0ae955e8f3305e9f093b4004e26338b32485739a7c309e985800ebcb6ecb20fd","f0699c765fc6d04275ace1fe7429040c","m","1985","m","Oui","Comprendre le fonctionnement des echanges suivant ces modeles","2h a 4h","3","3","3","4","3","Oui","Non","2015-09-22 18:15:59","","True","True"
"58","fin","MinesTelecom/04013/session01","d2dc48f41afcb7df0efcfcdfe8c76ff2c91337955956ce25ea2900fd4d13453c","f4ae5eaba135aa6563d730a64ce275f9","m","1976","m","Oui","Comprendre le fonctionnement des echanges suivant ces modeles","Plus de 8h","5","5","5","4","4","Oui","Non","2015-10-03 05:08:44","","True","True"
"59","fin","MinesTelecom/04013/session01","bd237a24b7b54fdc0c95422ef702c343cb8fc7a4ae653351fc73032f2dc180a7","e2c31ad9daa51decea8b0b6970992c63","m","1989","m","Oui","Comprendre le fonctionnement des echanges suivant ces modeles","Moins d'1h","5","4","5","3","4","Oui","Non","2015-08-05 13:03:34","","True","True"
"60","fin","MinesTelecom/04013/session01","b5d452c9cfa5220569a7603a281fe4b28301d14bfb15d58acc68bf16ba1fb6ed","8545da6930ac1403c3cef233db5aeecb","m","1959","m","Partiellement","Comprendre le fonctionnement des echanges suivant ces modeles","2h a 4h","1","2","3","Vide","2","Non","Non","2015-09-11 08:55:49","","True","True"
"61","fin","MinesTelecom/04013/session01","3be723a09b324f46cc24ea51682943e029e11dab08105c6ba3babbea7b1b335e","584cc2e4f49693fc77ddf7890aa2d32f","m","1989","m","Partiellement","Maitriser le vocabulaire et la terminologie telecommunications et reseaux","2h a 4h","5","5","5","5","5","Oui","Oui","2015-09-09 08:09:43","","True","True"
"62","fin","MinesTelecom/04013/session01","80354e0f6cfeacf3cab3736419003b311584a879078b582b38ba739a6053b432","cd1ba0375b2aec95da3a6d8d0324e96c","m","1969","m","Oui","Maitriser le vocabulaire et la terminologie telecommunications et reseaux","2h a 4h","5","5","5","5","5","Oui","Oui","2015-09-28 13:41:25","","True","True"
"63","fin","MinesTelecom/04013/session01","6a65adf31d52c7f85f91b6fb0744600ed20d7477443ff0508e35747fd4cb8125","3f381a3c487c1138378f397d49c539cc","f","1992","jhs","Oui","Reconnaitre le materiel utilise ainsi que les principaux services proposes a travers la notion de reseau","Moins d'1h","5","5","5","3","5","Oui","Oui","2015-10-15 02:58:42","","True","True"
"64","fin","MinesTelecom/04013/session01","8c550d46802cf70f6393f62d6751e4318909bbf312f4c7f87e1e98828a71a16a","6e5b11a9d8af1d04d6fc8b821f0cfe90","m","1992","m","Oui","Comprendre le fonctionnement des echanges suivant ces modeles","2h a 4h","4","4","4","3","4","Oui","Non","2015-10-05 12:40:27","France","True","True"
"65","fin","MinesTelecom/04013/session01","4b7ae5b821de011fca17cf41c4e512d073f47c50eccb19002b275bb1f8f9402b","219b1834a566b98760c393ba42648f75","m","1956","p","Oui","Reconnaitre le materiel utilise ainsi que les principaux services proposes a travers la notion de reseau","2h a 4h","4","4","4","4","4","Oui","Oui","2015-10-15 02:38:28","","True","True"
"66","fin","MinesTelecom/04013/session01","b88e4bb3baded089d2a112829ba485cfbe3d6a4bf007126fbcccfa5f9f73d9c0","c1cd8c013840d26307cfbde57a694e31","m","1994","hs","Oui","Maitriser le vocabulaire et la terminologie telecommunications et reseaux","Moins d'1h","4","4","4","4","5","Oui","Oui","2015-07-21 13:09:13","","True","True"
"67","fin","MinesTelecom/04013/session01","33112d66e43be98b9598f6a28926c981c2c70474d49414d7108b7eb722777b51","019b1500f76b5dd2482bcec345fd36bf","m","1984","m","Oui","Maitriser le vocabulaire et la terminologie telecommunications et reseaux","2h a 4h","5","5","4","4","4","Oui","Oui","2015-08-19 22:08:38","Benin","True","True"
"68","fin","MinesTelecom/04013/session01","fa343f01f72002a5c4a03459bd8e230eec702c2adee03f3695d6ef21cd9f2775","3c98d534a4592e7e63858c13e061bb67","m","1963","hs","Partiellement","Decrire les modeles en couches et leur interet","2h a 4h","4","4","4","3","3","Oui","Non","2015-09-11 15:12:53","Morocco","True","True"
"69","fin","MinesTelecom/04013/session01","ff1348cd54e48d5625461dcf11339df3066ef3e413e802fc22952392fb25d9af","18c6aba3332e84ddabc79456b6136ab2","f","1971","b","Oui","Vide","2h a 4h","5","4","4","4","Vide","Oui","Non","2015-09-14 09:58:34","","True","False"
"70","fin","MinesTelecom/04013/session01","20b10bb2d1a6d569960ab475236298a170e438d4ab6c12d297598df8abc9f21c","e0257e222de26dcbe36906225519f4a6","m","1972","m","Oui","Maitriser le vocabulaire et la terminologie telecommunications et reseaux","2h a 4h","4","4","4","4","3","Oui","Non","2015-09-01 13:16:37","","True","True"
"71","fin","MinesTelecom/04013/session01","c5cec95be93ad2c3961b8090c3f9c3cd03aef378b8e1e9ffad94bf6454148560","8b9291962b68f0ee55f52ca851c98268","m","1956","hs","Oui","Reconnaitre le materiel utilise ainsi que les principaux services proposes a travers la notion de reseau","2h a 4h","5","5","5","5","5","Oui","Oui","2015-08-25 04:48:17","France","True","True"
"72","fin","MinesTelecom/04013/session01","30381b8381ddaf913124b7c30bdbe87aab63fe74520f713b55e59d999b21d953","855b457ee5733732b6644684591d9621","m","1956","m","Oui","Decrire les modeles en couches et leur interet","Moins d'1h","4","3","4","2","2","Oui","Oui","2015-10-19 16:13:01","","True","True"
"73","fin","MinesTelecom/04013/session01","37b44d71e9bc9a8560d8ab2138c14e8e2e1896a5a03013c07756801b461517b3","2544b91eb5c2a386cd260096d68e67d7","m","1984","m","Oui","Comprendre le fonctionnement des echanges suivant ces modeles","2h a 4h","4","4","4","4","5","Oui","Oui","2015-09-03 12:55:46","","True","True"
"74","fin","MinesTelecom/04013/session01","89a7b5f45873aac40b0ee428f83e2f16717d896a6d7b6bcdadd666da4373b8c4","ccab5c80a66eb75b00f7f7a277e5bfea","m","1946","m","Partiellement","Maitriser le vocabulaire et la terminologie telecommunications et reseaux","2h a 4h","3","3","3","1","2","Oui","Oui","2015-09-17 17:15:29","France","True","True"
"75","fin","MinesTelecom/04013/session01","82d00828f8a756ec57e0738115993bc97569ca24df87390006d0f4df87e3ffde","c1702d9049e934a6f797fb3f5bab6df8","m","1966","p","Partiellement","Maitriser le vocabulaire et la terminologie telecommunications et reseaux","2h a 4h","4","3","4","4","1","Oui","Oui","2015-09-04 08:27:36","France","True","True"
"76","fin","MinesTelecom/04013/session01","bcdf4c500ffc8b7d0fd018840e1ffa748bac6e0409e008a6b47bd490ffe69eb8","f574c35c2e20ad1c7d40044c13656cf7","m","1985","m","Partiellement","Comprendre le fonctionnement des echanges suivant ces modeles","Moins d'1h","4","3","4","4","4","Oui","Non","2015-09-23 13:36:43","","True","True"
"77","fin","MinesTelecom/04013/session01","d6df987729a492ea76b40c9fc21c29491a07eb7df9d89a018610a2681e117ec1","28d83bc9295986254d35f9c2cc6db213","m","1995","jhs","Partiellement","Maitriser le vocabulaire et la terminologie telecommunications et reseaux","5h a 8h","3","3","4","4","5","Oui","Oui","2015-08-17 10:03:50","Algeria","True","True"
"78","fin","MinesTelecom/04013/session01","1455bb3780b36f72ae1a93e49910abaaff62400aeec57c8a526d46c2fc08efef","e7a50ab768b21c53bc587252b4bfeb94","f","1994","jhs","Partiellement","Maitriser le vocabulaire et la terminologie telecommunications et reseaux","Moins d'1h","4","4","2","3","3","Oui","Non","2015-09-10 19:31:05","","True","False"
"79","fin","MinesTelecom/04013/session01","436d9531f9b90b1c027ef5175e5b3cae04b8a66d8b643396499e92b958d0905f","432fe4ef6eb9845a83bbba5a5520f2d1","m","1985","hs","Oui","Maitriser le vocabulaire et la terminologie telecommunications et reseaux","2h a 4h","4","5","5","4","Vide","Oui","Oui","2015-09-14 12:30:04","","True","True"
"80","fin","MinesTelecom/04013/session01","7f98f824316542e0ecede225f24bda0c7687d2f7fcb3f555d172827889b2a845","e6e8c32dfdb723a4d938ca68c78c9a73","f","1997","jhs","Non","Comprendre le fonctionnement des echanges suivant ces modeles","Moins d'1h","5","4","4","5","5","Oui","Non","2015-08-05 21:03:19","","True","True"
"81","fin","MinesTelecom/04013/session01","c2c2995ed23db5e17c437a7f175b5dcf061898c685e9a31cdf3f05c83905a006","0c4d8746327ceb30a5d999bd595a2a83","m","1981","hs","Oui","Decrire les modeles en couches et leur interet","5h a 8h","4","4","5","4","4","Oui","Oui","2015-09-17 17:43:04","","True","True"
"82","fin","MinesTelecom/04013/session01","5a3a37e6d8f19bf7752f46481cd143febc3a61e1b649ae4be345c4988b3159d3","add412246ec14774e9470be0c84121f3","m","1981","hs","Partiellement","Maitriser le vocabulaire et la terminologie telecommunications et reseaux","2h a 4h","4","4","4","3","4","Oui","Non","2015-09-01 15:35:55","","True","True"
"83","fin","MinesTelecom/04013/session01","a4258c9ccf7dd621adad9fc843abccea459c2eed0bfcd38b0c674dd8dbd8ff1d","1c1dcab28db660f52f4a022f0440e8d7","m","1973","m","Oui","Comprendre le fonctionnement des echanges suivant ces modeles","2h a 4h","5","4","4","4","4","Oui","Non","2015-09-03 17:19:27","","True","True"
"84","fin","MinesTelecom/04013/session01","cdf884193f3f38457ba4f1af05ce78dafcf9dd4b467828439120610aa47208d9","062870c9194c301a446068763507410c","m","1990","a","Oui","Maitriser le vocabulaire et la terminologie telecommunications et reseaux","2h a 4h","5","5","5","5","5","Oui","Oui","2015-09-10 03:32:44","","True","True"
"85","fin","MinesTelecom/04013/session01","8b445977b80b0d748d5af965cad057266e21495b0206db34ae9c75f940d3b581","21fcf773fff7dcf54a12fb14317b477e","m","1949","hs","Oui","Reconnaitre le materiel utilise ainsi que les principaux services proposes a travers la notion de reseau","2h a 4h","4","4","3","5","4","Oui","Oui","2015-09-07 21:14:47","","True","True"
"86","fin","MinesTelecom/04013/session01","1b8b741fabfaa457da9d03409e708a3658c88771ee72a065e46a44b86dc8e300","039771614556b1012f6f14573db519f6","m","1961","m","Oui","Maitriser le vocabulaire et la terminologie telecommunications et reseaux","2h a 4h","4","5","4","4","4","Oui","Non","2015-08-14 09:39:11","","True","True"
"87","fin","MinesTelecom/04013/session01","364c0a13ab9b1b2dc3c292987562002d604e89212d8828a465bcdf81225db156","4ef10e590575ac2443ac08ca39e54664","m","1963","m","Partiellement","Maitriser le vocabulaire et la terminologie telecommunications et reseaux","2h a 4h","5","5","5","5","5","Oui","Oui","2015-10-01 07:24:15","","True","True"
"88","fin","MinesTelecom/04013/session01","479b3528bf06d620ea81b9be41d4ada8d051cfb15f6ad22314f6cf1bd8e4ce5b","1b6bf5df6a4be706f99febf206bdb166","m","1988","other","Oui","Decrire les modeles en couches et leur interet","Moins d'1h","4","4","4","4","4","Oui","Non","2015-07-30 13:34:15","France","True","True"
"89","fin","MinesTelecom/04013/session01","ce6f0ff8edba8492cf8d5cfda13fb39ae5012a0116002e992c6db2a015367608","1faf479a9cac7108c7e146c8186838ff","m","1955","jhs","Oui","Reconnaitre le materiel utilise ainsi que les principaux services proposes a travers la notion de reseau","2h a 4h","4","4","4","4","4","Oui","Oui","2015-09-26 07:44:30","","True","True"
"90","fin","MinesTelecom/04013/session01","875b874b26e59288a2d74569f6ea898ad9692fed79b947d083f02c6dab5563d5","89e17bdefab9da0c86bf8c034c42b7bf","f","1993","jhs","Partiellement","Reconnaitre le materiel utilise ainsi que les principaux services proposes a travers la notion de reseau","2h a 4h","4","4","4","4","4","Oui","Non","2015-10-01 21:36:06","","True","True"
"91","fin","MinesTelecom/04013/session01","4f0b5f33fb37627d9dea478c899eb1724d24c0bed8216a341230a9414047b381","6e5fedec5a02eecd1a10dc8c36301722","f","1946","m","Oui","Maitriser le vocabulaire et la terminologie telecommunications et reseaux","Plus de 8h","4","4","4","3","4","Oui","Non","2015-07-27 03:13:48","Guadeloupe","True","True"
"92","fin","MinesTelecom/04013/session01","68274bda393394214cc9f5a7f1b618add05145b7aa2f7ad384e064be4c7bf2e2","82bc1a241c533fe80070a1b3a47c49cd","m","1963","hs","Oui","Reconnaitre le materiel utilise ainsi que les principaux services proposes a travers la notion de reseau","2h a 4h","5","5","5","4","5","Oui","Non","2015-09-08 07:51:32","France","True","True"
"93","fin","MinesTelecom/04013/session01","055dd56c7b00461290de188c398132a345ec28c644bd01ce47f7d8ada4864d04","3839a4983db9925c8220a4c845d4bae2","m","1979","a","Oui","Reconnaitre le materiel utilise ainsi que les principaux services proposes a travers la notion de reseau","Moins d'1h","4","4","4","4","4","Oui","Oui","2015-09-07 23:05:32","Haiti","True","True"
"94","fin","MinesTelecom/04013/session01","e5839b94660da29eef08d825aba98effcdbe5059810ebbd5afc34397b17886f3","2a65ce34f4170edb48b13a1109bcec49","m","1952","m","Oui","Comprendre le fonctionnement des echanges suivant ces modeles","2h a 4h","5","5","4","4","Vide","Oui","Non","2015-08-24 22:06:00","France","True","True"
"95","fin","MinesTelecom/04013/session01","0eb4de0c1f7498b6810f1ccbc6d9332560ac85b112fb794b0f5d6f4583055328","baea59c70ede43d8b1c100b6bb7fe78b","m","1993","b","Oui","Maitriser le vocabulaire et la terminologie telecommunications et reseaux","2h a 4h","4","4","4","4","4","Oui","Oui","2015-10-02 00:11:08","Mali","True","True"
"96","fin","MinesTelecom/04013/session01","7e5e198610b077d259a1e56c7c72d7dea524652e6c4db9460c122ee726f6e050","5a5aebb93c93e0b350d3592c3f155f64","m","1991","jhs","Partiellement","Maitriser le vocabulaire et la terminologie telecommunications et reseaux","Moins d'1h","4","4","4","4","4","Oui","Oui","2015-09-10 17:04:35","Tunisia","True","True"
"97","fin","MinesTelecom/04013/session01","d1dc744f4cdf649e0de809c9ae2a02d300aa897dae1a1367615d06c8d967e75d","236c4508278befc760fc18b6a71181e3","m","1980","m","Oui","Comprendre le fonctionnement des echanges suivant ces modeles","2h a 4h","5","5","5","4","4","Oui","Non","2015-10-12 07:50:54","France","True","True"
"98","fin","MinesTelecom/04013/session01","532ee79c7ba5ef81f2c968f22ce87b2951c41c7cd689acd000eb5a63d3a0c8b5","8f50852534578b2e94d0d1c856592dd0","m","1960","m","Partiellement","Maitriser le vocabulaire et la terminologie telecommunications et reseaux","2h a 4h","4","4","3","Vide","Vide","Non","Non","2015-10-01 11:52:50","France","True","True"
"99","fin","MinesTelecom/04013/session01","3558cae2c0d07a03a0cd75d57ca9d136e410efe45cc33653a00d1da650c265af","ecf1df6d591a599df91e4fcfb115573c","m","1993","b","Oui","Comprendre le fonctionnement des echanges suivant ces modeles","2h a 4h","5","4","4","4","1","Oui","Oui","2015-08-16 00:16:38","Senegal","True","True"
"100","fin","MinesTelecom/04013/session01","6554bdabc7b0b240ba6773c46d1f96da04b796a8b96b531ad69374291a7e84f7","2713304a9893dc0f1311539fcf302b20","f","1988","m","Partiellement","Maitriser le vocabulaire et la terminologie telecommunications et reseaux","2h a 4h","3","3","2","4","1","Non","Non","2015-09-06 10:08:10","Canada","True","True"
"101","fin","MinesTelecom/04013/session01","27a739632ade31739cb61f1087b85e31ba913fc71e55af701ffea0929461a71a","6ffc86ab58d0bc4b402e1f49f180e0e5","m","1974","hs","Oui","Comprendre le fonctionnement des echanges suivant ces modeles","2h a 4h","4","4","4","4","4","Oui","Non","2015-07-24 09:00:21","France","True","True"
"102","fin","MinesTelecom/04013/session01","11bcf54c060ec3b00ea78eff9b35e123ff8dc1fff1412ce5826cb931ad6bbad2","db9cdd3456064ece5ef04ca5157149a7","m","1953","m","Oui","Reconnaitre le materiel utilise ainsi que les principaux services proposes a travers la notion de reseau","2h a 4h","4","4","4","4","4","Oui","Non","2015-10-12 08:02:16","Algeria","True","True"
"103","fin","MinesTelecom/04013/session01","8edd0be680be478527cfde1f542a424036d3d9534a636aab838931271a0d28a2","e5a55573a2257c32da8e6cddd7e1202e","m","1975","jhs","Oui","Decrire les modeles en couches et leur interet","2h a 4h","5","5","5","4","4","Oui","Oui","2015-09-13 15:43:09","France","True","True"
"104","fin","MinesTelecom/04013/session01","ec65f3bc876454e39ca981ee65025033f4531d5ba397d5db3adbba7c8937712f","e2eb2e3aa06ac0f75cfb9b887fa51ae9","m","None","","Oui","Decrire les modeles en couches et leur interet","2h a 4h","5","4","5","3","3","Oui","Oui","2015-09-08 14:20:37","Belgium","True","True"
"105","fin","MinesTelecom/04013/session01","c7c76d6a1ea48e1a08a10e1b8354d6752407be246237e4a33f4271e81b20c4d2","b4a1d9ea31754144caab3a4fb216d2bb","o","1972","jhs","Partiellement","Comprendre le fonctionnement des echanges suivant ces modeles","2h a 4h","5","5","5","5","5","Oui","Oui","2015-09-04 09:56:40","France","True","True"
"106","fin","MinesTelecom/04013/session01","b43de9933a2b51e34bd2ae2c72853c58f3a360da36f51eca1794ac8b25634b80","823bbe610fc0a2d4b4938c90aa173341","m","1978","m","Non","Maitriser le vocabulaire et la terminologie telecommunications et reseaux","Moins d'1h","3","2","3","Vide","3","Oui","Oui","2015-07-20 13:12:18","C么te d'Ivoire","True","True"
"107","fin","MinesTelecom/04013/session01","1d36f916f3a381bb3a9f8e516bac8dceaf06b81b96f127217cbd08b96adb69cc","d59ac0410d5578debcaa3de6f94019f6","m","1981","b","Partiellement","Reconnaitre le materiel utilise ainsi que les principaux services proposes a travers la notion de reseau","5h a 8h","4","4","4","Vide","Vide","Oui","Oui","2015-08-08 04:14:27","Haiti","True","True"
"108","fin","MinesTelecom/04013/session01","dc1b85713c5462af0b295c7e5923cf0a52b07ae699149e2476d65b9dd7fc515a","b8ca5ee2081a0b96a5baf0f5c66bb58e","f","1994","none","Partiellement","Comprendre le fonctionnement des echanges suivant ces modeles","2h a 4h","4","2","4","4","4","Oui","Oui","2015-10-02 11:50:41","Algeria","True","True"
"109","fin","MinesTelecom/04013/session01","b5bf86cf03e4ad6f7b1e9f2d8356c674c8d2e9955ea016b80cee8a35f8138cfc","439cc675acaddfaa941edbb1abf4b484","m","1946","b","Partiellement","Maitriser le vocabulaire et la terminologie telecommunications et reseaux","2h a 4h","4","4","4","4","4","Oui","Non","2015-08-27 13:50:53","France","True","True"
"110","fin","MinesTelecom/04013/session01","d504199f2233c4111da867957b4b7d21aa74077d909721d84b09513bc9cca182","e7037139caa41fa60cdac1f49227a2b3","f","1974","m","Partiellement","Reconnaitre le materiel utilise ainsi que les principaux services proposes a travers la notion de reseau","2h a 4h","4","2","3","2","Vide","Non","Non","2015-08-25 01:17:51","France","True","False"
"111","fin","MinesTelecom/04013/session01","538ce23665643087e594891e86476b6ac66598396215265d7fcd2139da6a81a9","aa022040007faba10e02faf8ed68de7f","m","1992","m","Partiellement","Maitriser le vocabulaire et la terminologie telecommunications et reseaux","2h a 4h","5","5","4","3","4","Oui","Oui","2015-07-20 18:23:35","Algeria","True","True"
"112","fin","MinesTelecom/04013/session01","2d54fe5053b7210bc7ae47ea0fbaa069548f92316e11544ad4af0362b767f463","94892b405e2ffdd6976ca4a5236451b4","m","1966","b","Oui","Reconnaitre le materiel utilise ainsi que les principaux services proposes a travers la notion de reseau","2h a 4h","5","5","3","4","4","Oui","Non","2015-08-13 10:16:31","France","True","True"
"113","fin","MinesTelecom/04013/session01","97ad609704ce62d98857654ea0c8ae321c307ad76dcd163c9cb045c258edfb7e","e018e92d101344ae7a79f576a49bb3ca","m","1965","m","Oui","Decrire les modeles en couches et leur interet","2h a 4h","5","4","4","4","3","Oui","Oui","2015-08-09 22:01:38","France","True","True"
"114","fin","MinesTelecom/04013/session01","f4acdf1657ab37bf3ec41d5b4286bf1757de77991c33f5a3fd0998498bacfeaf","1da3c363bc05747406a3204ef9f7a6b0","m","1981","jhs","Partiellement","Maitriser le vocabulaire et la terminologie telecommunications et reseaux","2h a 4h","5","3","4","3","3","Non","Non","2015-08-10 18:56:44","France","True","True"
"115","fin","MinesTelecom/04013/session01","3df7fb054a3e53a378c5c35fbfb249b11bbd6a664c42eb11e7d9d10de07e6e1d","b3741ab4f3e57d33a84bf0c9d54d6ebf","m","1950","m","Oui","Comprendre le fonctionnement des echanges suivant ces modeles","2h a 4h","4","5","3","4","4","Oui","Non","2015-09-03 14:07:04","France","True","True"
"116","fin","MinesTelecom/04013/session01","d8aef0f5284d04767cd38680c7dcf5826fb624a5914b82d46bce7d7475b5883a","13295fccf801e3f2613631401cccf268","m","1993","jhs","Oui","Maitriser le vocabulaire et la terminologie telecommunications et reseaux","Moins d'1h","5","3","4","3","4","Oui","Oui","2015-07-20 18:42:25","Algeria","True","True"
"117","fin","MinesTelecom/04013/session01","54929bbeefeb1abf168ed6696fc729f2d5c7be013241cc4a1ab191de1a905cc8","88784943de8a0362d3e0dbcda82f5bd7","m","1971","hs","Oui","Comprendre le fonctionnement des echanges suivant ces modeles","2h a 4h","5","5","5","5","3","Oui","Non","2015-09-13 17:04:17","France","True","True"
"118","fin","MinesTelecom/04013/session01","5bde4e7f6ddf40624a6f4c369c8c824ad9e4fde24c7fa6d06214247bae3084a0","c1c26dbdadb43965b67c0d70fe2ac56c","m","1987","a","Oui","Reconnaitre le materiel utilise ainsi que les principaux services proposes a travers la notion de reseau","Moins d'1h","4","4","5","3","4","Oui","Oui","2015-09-04 11:41:11","C么te d'Ivoire","True","True"
"119","fin","MinesTelecom/04013/session01","092f1547e111ee61ab5c3064eef0d96cc5f34d8ec3a6baa3b300ed1e3158f23a","2d494677a753e4e276c346ab91ddbca8","f","1955","jhs","Oui","Maitriser le vocabulaire et la terminologie telecommunications et reseaux","2h a 4h","4","4","4","4","4","Oui","Oui","2015-10-05 12:36:19","Madagascar","True","True"
"120","fin","MinesTelecom/04013/session01","755ebfdb7977f8852372a021e007070305b98c83ad31091fe954f2634c7486cb","569e62ce2125ed5a3aea1eb1331d744a","m","None","m","Oui","Decrire les modeles en couches et leur interet","2h a 4h","5","5","4","4","4","Oui","Non","2015-08-26 19:12:43","France","True","True"
"121","fin","MinesTelecom/04013/session01","8f8ca4247da8189b74e5c4003054dad0ad93aa8cc8b35478b3a2bc7b840e6106","6d5d68f3949aae860c768fbc6c0ce4ad","m","1973","m","Oui","Decrire les modeles en couches et leur interet","Moins d'1h","4","4","4","4","3","Oui","Non","2015-09-04 00:25:30","France","True","True"
"122","fin","MinesTelecom/04013/session01","523b7f70e889a048438734cd8d5287ee997c5c606ac4228bd80958ed484b3a62","0c0aa015b6331e515ec308e51ba3f1d3","m","1987","hs","Partiellement","Decrire les modeles en couches et leur interet","2h a 4h","3","4","4","3","3","Oui","Oui","2015-09-05 09:34:42","Cameroon","True","True"
"123","fin","MinesTelecom/04013/session01","8c2a5ef45f209cabb45d038399020967cd28a11589aebe18ff6c2b1e1a345a31","51eeadc0e5192822b7747bd62d487f4e","m","1956","el","Oui","Reconnaitre le materiel utilise ainsi que les principaux services proposes a travers la notion de reseau","2h a 4h","5","5","3","4","4","Oui","Non","2015-07-30 10:14:18","France","True","True"
"124","fin","MinesTelecom/04013/session01","18f00c552b0ec5710595ed7feaf6888fa41a7611a68ff8b1ed54008d4ca02f48","7c321b28b9388ac02a6216529e1aca7f","f","1985","m","Partiellement","Maitriser le vocabulaire et la terminologie telecommunications et reseaux","2h a 4h","3","3","1","3","3","Non","Non","2015-09-09 14:33:45","Switzerland","True","True"
"125","fin","MinesTelecom/04013/session01","0f1fdf6cf60aeec3662819f53479cf865d5777ca8a96f83bf3a57cd906bb6da6","ab302003080c1d46cebf3d44df04ae33","f","1985","m","Partiellement","Maitriser le vocabulaire et la terminologie telecommunications et reseaux","2h a 4h","4","4","4","3","4","Oui","Non","2015-09-23 13:01:56","France","True","True"
"126","fin","MinesTelecom/04013/session01","a77c2243c6ff7667d48d75ddf2c02938e6162e7a365a0315f0def4df027ca866","9d9f71c68bba27e07d16e82edc0a2a17","m","1962","m","Oui","Maitriser le vocabulaire et la terminologie telecommunications et reseaux","Plus de 8h","5","5","5","4","5","Oui","Oui","2015-07-20 20:35:44","France","True","True"
"127","fin","MinesTelecom/04013/session01","04c0351756039f2183c644478d7694e46e8e53983752310d1cb6e083e9da2e87","f780f20270226a4d0728ad0499b9e509","m","1969","hs","Oui","Maitriser le vocabulaire et la terminologie telecommunications et reseaux","2h a 4h","4","4","5","Vide","Vide","Oui","Non","2015-09-12 11:00:08","France","True","True"
"128","fin","MinesTelecom/04013/session01","d98b5c8191cfcb18e9dfe548778cd734e26152bb36fe0835ab9158637e4a3e37","1eb91871bc644436d5df3868f894bc4c","f","1989","m","Partiellement","Maitriser le vocabulaire et la terminologie telecommunications et reseaux","2h a 4h","3","4","4","4","3","Oui","Oui","2015-07-20 14:09:10","France","True","True"
"129","fin","MinesTelecom/04013/session01","9d7a2537e292ca48b0c2bd1125a87f1a1374ca407e3a7cde79e30c53876fc849","07e97c85d88bb674b961f26a1e7f3006","","None","","Partiellement","Maitriser le vocabulaire et la terminologie telecommunications et reseaux","2h a 4h","4","4","4","4","4","Oui","Non","2015-09-03 14:03:57","France","True","True"
"130","fin","MinesTelecom/04013/session01","1961a265a64c1d2283e61d69238cb216302b903f034c587cf4334192095d118f","a073febbad0e0f722f2e05fdb78dd985","m","1985","jhs","Oui","Maitriser le vocabulaire et la terminologie telecommunications et reseaux","2h a 4h","4","4","4","4","4","Oui","Oui","2015-07-21 12:11:52","Congo (the Democratic Republic of the)","True","True"
"131","fin","MinesTelecom/04013/session01","6cac9c03f8a145a84e06c3dac461db61e38439df1732ec401b71e325acdef7c7","1a68932127e1a96e457e77fa510df5e4","m","1970","m","Oui","Comprendre le fonctionnement des echanges suivant ces modeles","Moins d'1h","4","3","5","4","5","Oui","Oui","2015-09-04 08:17:28","France","True","True"
"132","fin","MinesTelecom/04013/session01","b5726ab2772ec2245a8c26cef54c005752b28b913a264560be627a755917b29d","7e07e5dc35dca7a4a29fd43d189baf94","f","1954","m","Partiellement","Maitriser le vocabulaire et la terminologie telecommunications et reseaux","Moins d'1h","3","3","3","3","4","Non","Oui","2015-09-17 06:14:32","France","True","True"
"133","fin","MinesTelecom/04013/session01","4610dfa0fab06084fcce4f36ba5e3e13d9a241a2bc9776873aa770190a8df2b2","7a9733f4cdd1bcc7db00b912130d5dbc","","None","","Oui","Maitriser le vocabulaire et la terminologie telecommunications et reseaux","Plus de 8h","4","4","4","4","4","Oui","Non","2015-09-03 15:01:37","France","True","True"
"134","fin","MinesTelecom/04013/session01","d0440567e9da4a6fb6b1bc0fc548adee0d46408efb46cd350889b967a219b244","55ea107372c43a179f06def5eaf5b57d","m","1976","m","Partiellement","Maitriser le vocabulaire et la terminologie telecommunications et reseaux","2h a 4h","3","4","4","4","4","Oui","Non","2015-09-15 12:41:21","France","True","True"
"135","fin","MinesTelecom/04013/session01","d8ab02ad946f96a3bb4019d3aacb5440d7a8aa64df77f20e3187fe0d06649c53","f0b389fb51b2dcd8f923ce53ff881f2b","m","1994","jhs","Oui","Decrire les modeles en couches et leur interet","2h a 4h","4","2","4","3","4","Oui","Oui","2015-10-01 13:17:39","Algeria","True","True"
"136","fin","MinesTelecom/04013/session01","3a856facf9330eba820194578e5e06edbaf40a4bfa20739ebe6cb6abf4165a03","f410492f9e821c68120a34fa0a2c3728","m","1993","m","Oui","Maitriser le vocabulaire et la terminologie telecommunications et reseaux","2h a 4h","5","4","3","3","5","Oui","Oui","2015-09-12 20:45:03","Algeria","True","True"
"137","fin","MinesTelecom/04013/session01","8c79ced37d074a43eabbc430c15b01a6d2ef4f04ccc2c40ad4d91f44922da82a","c7308ee42f76b0b01b004865fc2a65ce","f","1987","m","Partiellement","Maitriser le vocabulaire et la terminologie telecommunications et reseaux","Moins d'1h","5","4","4","3","3","Oui","Non","2015-09-08 08:50:40","France","True","True"
"138","fin","MinesTelecom/04013/session01","215d14a5d8e9f1f9486387ef0a113c0132ef13ad3c00b79fdce809cd2baf424e","9f80c94570c49c15b43d9667567eb24e","f","1966","m","Partiellement","Decrire les modeles en couches et leur interet","2h a 4h","3","3","4","3","4","Oui","Non","2015-07-25 20:17:35","France","True","True"
"139","fin","MinesTelecom/04013/session01","878864f9a96578b4d02c817c4ecb390279c3918d732840ff7e3d5f79b89095e3","a0f81633eb66edd75625d13b3c0f3da3","m","1938","m","Non","Reconnaitre le materiel utilise ainsi que les principaux services proposes a travers la notion de reseau","Moins d'1h","5","4","4","4","Vide","Oui","Non","2015-09-05 09:28:18","France","True","True"
"140","fin","MinesTelecom/04013/session01","2531c91b2a7370513319597d04109cbc1df0be36b0f7a3eb1b82880b07415b3b","cd3fca74a256173472431866c8f9dce5","m","1990","b","Oui","Decrire les modeles en couches et leur interet","2h a 4h","4","4","4","1","1","Oui","Oui","2015-09-12 07:02:32","Ukraine","True","True"
"141","fin","MinesTelecom/04013/session01","1be1144c3641513f08a954ffa77ffb82c063906830ebc14aba233c2a667fea86","6e9d9fb7b7f7f02788396210fa545340","f","1974","m","Partiellement","Reconnaitre le materiel utilise ainsi que les principaux services proposes a travers la notion de reseau","2h a 4h","4","4","4","Vide","5","Oui","Non","2015-09-13 20:59:29","Belgium","True","True"
"142","fin","MinesTelecom/04013/session01","f99c73de8451ae1c37cbbd26682586b7e0ba403108a9c357bface8e660eddbaa","9c22a937e7e7d72a0f37c4a22041a0ef","m","1970","m","Oui","Reconnaitre le materiel utilise ainsi que les principaux services proposes a travers la notion de reseau","2h a 4h","3","4","4","3","2","Oui","Non","2015-09-03 19:12:36","France","True","True"
"143","fin","MinesTelecom/04013/session01","3002e82e30e2fde977cbb2b7c808d7ad6d48590c7af2e10c43968fbbc2e8a566","46a7f29d97273aea75c88f4c4c806715","m","1993","jhs","Non","Reconnaitre le materiel utilise ainsi que les principaux services proposes a travers la notion de reseau","Moins d'1h","3","3","3","Vide","3","Non","Non","2015-07-23 12:45:31","France","True","True"
"144","fin","MinesTelecom/04013/session01","3958021d985ee7c7578b25e3abdce54654020976a6389a8e8fb9e65575d3e601","2a4d7d29c7491fe14d845772b11aca59","f","1988","m","Oui","Maitriser le vocabulaire et la terminologie telecommunications et reseaux","2h a 4h","5","5","5","5","5","Oui","Non","2015-07-24 16:04:45","France","True","True"
"145","fin","MinesTelecom/04013/session01","b48d1cd398e9b8cc13f10cb3655a2a2389420f45b6d0ae841b4254eb4b6efe83","395821882cd917414c8b8aa02c4ea1ab","m","1979","jhs","Partiellement","Maitriser le vocabulaire et la terminologie telecommunications et reseaux","5h a 8h","4","4","5","4","4","Oui","Oui","2015-08-06 07:29:25","Chad","True","True"
"146","fin","MinesTelecom/04013/session01","a7ba1485b35dec69a9daa3d1afc1adde59e40801b854d42cf2d7a8472c6c4736","b18353a73ff30fbbc99a972089b06056","m","1976","b","Oui","Comprendre le fonctionnement des echanges suivant ces modeles","2h a 4h","5","5","5","4","3","Oui","Non","2015-08-17 22:13:42","France","True","True"
"147","fin","MinesTelecom/04013/session01","a334724be4870610558efe9349535ddbc95200e28a0128e99dac72f13af97a5a","c020fb71aeec84c3fc207f137a762ce1","m","1971","hs","Partiellement","Reconnaitre le materiel utilise ainsi que les principaux services proposes a travers la notion de reseau","2h a 4h","4","4","4","4","4","Oui","Non","2015-07-24 09:16:56","France","True","True"
"148","fin","MinesTelecom/04013/session01","264a148cb14bcff097d37c163616d858e375c01112f326cbc933286ab6bb9057","e118f61dc5b50092103b2021891c20cc","m","1970","el","Oui","Reconnaitre le materiel utilise ainsi que les principaux services proposes a travers la notion de reseau","2h a 4h","3","3","5","4","4","Oui","Non","2015-08-13 07:19:03","France","True","True"
"149","fin","MinesTelecom/04013/session01","1477b31d2d580e4953f8ba0f3275b04d12e91e3e8187367fc46013096a949045","86524d5692e491a3d99929353f6e0349","m","1984","m","Oui","Comprendre le fonctionnement des echanges suivant ces modeles","2h a 4h","5","4","4","3","4","Oui","Oui","2015-08-14 07:38:08","Cameroon","True","True"
"150","fin","MinesTelecom/04013/session01","b8b139ae50f356c2b0557fb646d0211e6f1a7be0ae9abd126a6a44e74f9d7ac0","14b84313477ff5b683f19b3ea01af018","m","1991","m","Partiellement","Maitriser le vocabulaire et la terminologie telecommunications et reseaux","Moins d'1h","5","3","3","4","4","Oui","Non","2015-07-21 13:38:33","France","True","True"
"151","fin","MinesTelecom/04013/session01","97ac9a821623db76090d0a143a0d391d9bd4f67dc8fb2d1bd474ecf349dd1aa8","8143b4ce7362771e0406110d65d3b60f","m","1982","m","Oui","Maitriser le vocabulaire et la terminologie telecommunications et reseaux","2h a 4h","4","4","4","4","4","Oui","Non","2015-07-20 12:18:09","France","True","True"
"152","fin","MinesTelecom/04013/session01","baabd571084ec5cd43f59b48451067c88aabc414fd42e4e1e52291f2421c6f64","52531a180e0a4c65dcfe10adab86d567","m","1974","m","Oui","Maitriser le vocabulaire et la terminologie telecommunications et reseaux","2h a 4h","5","4","5","3","3","Oui","Oui","2015-09-04 09:37:25","Mali","True","True"
"153","fin","MinesTelecom/04013/session01","8af7059adf85346a2e36029f6f362c16bd31230f6c7774ed4da04cd3dbe3bc7b","f9d18f5a59192321224c7ed9f6782e43","m","1960","jhs","Partiellement","Reconnaitre le materiel utilise ainsi que les principaux services proposes a travers la notion de reseau","5h a 8h","3","3","3","3","1","Non","Non","2015-09-04 17:01:24","France","True","True"
"154","fin","MinesTelecom/04013/session01","53f6fa70ecd88e7478f6840aafde5a0344b8b2af0e479124983e505e49ecbd4a","b8dc0e2938fdc185a0d4cdb807b18196","f","1990","b","Partiellement","Maitriser le vocabulaire et la terminologie telecommunications et reseaux","Moins d'1h","2","4","4","4","1","Non","Non","2015-09-28 09:56:38","France","True","True"
"155","fin","MinesTelecom/04013/session01","8b030971b259bd2392d4ee707caa3dede3edcb98980cb0c0e1d618124558be88","a77b756fe8352dfbc32dc3adb0e074c6","f","1982","jhs","Oui","Maitriser le vocabulaire et la terminologie telecommunications et reseaux","2h a 4h","5","5","4","3","5","Oui","Oui","2015-07-22 20:32:45","Haiti","True","True"
"156","fin","MinesTelecom/04013/session01","392008a2c47747c63c4d9876ede04078b33560015ab491ae95050a1f0f8ee0cd","d95ec2554dbbbfdeb957aee922efb618","m","1996","b","Oui","Comprendre le fonctionnement des echanges suivant ces modeles","2h a 4h","4","4","5","4","5","Oui","Oui","2015-08-09 23:37:58","Senegal","True","True"
"157","fin","MinesTelecom/04013/session01","4d655124730f1849b00dc3370a99619793abda7428a67b8d5ce6b1488b47b7c6","3db9383fe143eacc498254dc5a08814a","m","1971","hs","Oui","Maitriser le vocabulaire et la terminologie telecommunications et reseaux","2h a 4h","5","5","5","4","5","Oui","Oui","2015-09-29 22:16:50","C么te d'Ivoire","True","True"
"158","fin","MinesTelecom/04013/session01","769167ccaa473138b9322a5e066970622db2e6db028ddf9678e117e371efcce3","0c59e02c841e76bbc0c6527be13c5634","m","1961","hs","Oui","Maitriser le vocabulaire et la terminologie telecommunications et reseaux","2h a 4h","5","4","2","4","3","Oui","Non","2015-09-16 01:46:39","France","True","True"
"159","fin","MinesTelecom/04013/session01","54a9466d282925783bc5201ca09389cc6ca879b5698c787e152b8249ad9f7033","aae037bf84cb32b6b83da0ff5285dbbc","m","1984","b","Partiellement","Reconnaitre le materiel utilise ainsi que les principaux services proposes a travers la notion de reseau","5h a 8h","4","4","3","2","3","Oui","Oui","2015-07-31 23:05:14","Congo (the Democratic Republic of the)","True","True"
"160","fin","MinesTelecom/04013/session01","2d1fd59ce48827babfd60981d9102a8a401af444afbb1e7f716c0d5e1a9c473e","5e5dbe3f409d75e077897b2e021565ec","f","1991","hs","Partiellement","Reconnaitre le materiel utilise ainsi que les principaux services proposes a travers la notion de reseau","2h a 4h","4","4","3","4","3","Oui","Non","2015-09-04 14:52:25","France","True","True"
"161","fin","MinesTelecom/04013/session01","4443456d12071b48f9e84bd969bb724bfeb288f015aa90a3be077e54c45631f4","0eb0d7dd894a0a27c8f847b9e3f237d0","m","1983","m","Oui","Reconnaitre le materiel utilise ainsi que les principaux services proposes a travers la notion de reseau","5h a 8h","5","5","5","3","5","Oui","Oui","2015-07-20 14:01:44","Benin","True","True"
"162","fin","MinesTelecom/04013/session01","97130cb11b75b4d6493ca55dd10fd49d90037753486df2e3490cb6342aabb4af","5d0cd7dd449735eefff55c1c90db4c77","m","1990","m","Oui","Decrire les modeles en couches et leur interet","2h a 4h","3","4","4","4","3","Oui","Oui","2015-07-24 15:08:57","Morocco","True","False"
"163","fin","MinesTelecom/04013/session01","d315e0becb7b3eb152d9246e4fcd035982ea04e2eda5034f188286381b24c63e","bffd8010d22ab1eec4a5e29c2eb29411","f","1981","m","Oui","Maitriser le vocabulaire et la terminologie telecommunications et reseaux","Moins d'1h","4","5","4","4","4","Oui","Oui","2015-10-05 11:26:41","France","True","True"
"164","fin","MinesTelecom/04013/session01","55d7485a4d76c6c1bce8c7d1f0eb2508b5ec9dfff87246ad4c5ab382dae793cc","f381afcb2fbef39e2f7d9a14e0eedce1","f","1983","jhs","Partiellement","Reconnaitre le materiel utilise ainsi que les principaux services proposes a travers la notion de reseau","2h a 4h","4","4","4","4","4","Oui","Oui","2015-09-08 20:42:42","French Polynesia","True","True"
"165","fin","MinesTelecom/04013/session01","651d5f1440a02d6dd8d747eb450df648a26c4f852b4f3ee1cdd703a4b1a9a8d9","5bc4fd82d0d10e5ecbd794b92a6aa931","m","1962","jhs","Partiellement","Reconnaitre le materiel utilise ainsi que les principaux services proposes a travers la notion de reseau","2h a 4h","4","4","3","2","3","Oui","Oui","2015-10-25 20:28:31","Cameroon","True","True"
"166","fin","MinesTelecom/04013/session01","1cd42622ea66340ba7e1fddcb48b35578d0715e8056dc992ed3107dfcf3391fd","84f8361f36ea0bfb3bf82ae0ca8a54e7","m","1952","b","Oui","Maitriser le vocabulaire et la terminologie telecommunications et reseaux","2h a 4h","4","3","4","3","4","Oui","Non","2015-09-05 19:05:31","France","True","True"
"167","fin","MinesTelecom/04013/session01","1afc80dcb656e35f5eac87aa857649325a8cbc41b72b112710483aa938fb3dc0","a9d3d4432e390c7fc140d27da2cb2628","m","1980","m","Partiellement","Maitriser le vocabulaire et la terminologie telecommunications et reseaux","2h a 4h","5","5","5","4","4","Oui","Oui","2015-07-25 15:03:57","France","True","True"
"168","fin","MinesTelecom/04013/session01","190835fd46cb569c458507fc5f143cc5ecf02cd80affcdfe9897fd30f0915095","cd73dd8e5d8e9b952986c83a13aedfb7","f","1949","jhs","Partiellement","Comprendre le fonctionnement des echanges suivant ces modeles","2h a 4h","4","4","2","3","1","Oui","Oui","2015-09-26 08:11:10","France","True","True"
"169","fin","MinesTelecom/04013/session01","0b4f4a334ca450d30aa4b1fae7501b7382d7d26857a4a08b9f62bf03d192eb4c","8dc1fb5f444b9d43797ee05dda846861","m","1984","m","Oui","Maitriser le vocabulaire et la terminologie telecommunications et reseaux","2h a 4h","5","4","3","3","4","Oui","Oui","2015-09-04 09:44:27","Burkina Faso","True","False"
"170","fin","MinesTelecom/04013/session01","b46a460e8eb468bd50455779a2aa9ce4d435d744e60ea4f598faaaedffc0f513","8b5dbfeb5a24bb77efee9874f9e00099","m","1980","m","Partiellement","Maitriser le vocabulaire et la terminologie telecommunications et reseaux","2h a 4h","4","3","4","3","4","Oui","Oui","2015-09-20 09:58:43","Algeria","True","True"
"171","fin","MinesTelecom/04013/session01","6704034e7c021b8401264032e08a20b1bcdb8336c4e54a2aba9952dbf825dcb1","2d4019dfe14ff517facafda09ae3c7d5","","None","","Oui","Maitriser le vocabulaire et la terminologie telecommunications et reseaux","2h a 4h","5","5","5","5","4","Oui","Non","2015-09-20 18:16:00","French Guiana","True","True"
"172","fin","MinesTelecom/04013/session01","8fb663a6938ec7ab0fcfe843f56808867090615c587e38209ac504fbc02188c4","8550846722e08c9b8d158f46934c622a","m","1989","b","Partiellement","Reconnaitre le materiel utilise ainsi que les principaux services proposes a travers la notion de reseau","2h a 4h","4","4","4","3","3","Oui","Oui","2015-09-03 09:48:42","Congo (the Democratic Republic of the)","True","True"
"173","fin","MinesTelecom/04013/session01","e97e3dac5a5201f600d746f69c055671c066c83bc4f3108772c0ae90e86446cf","90c1cbcf2eaeafcf54e20fb026009b5b","o","2000","none","Partiellement","Reconnaitre le materiel utilise ainsi que les principaux services proposes a travers la notion de reseau","2h a 4h","4","4","4","3","Vide","Oui","Non","2015-09-05 19:16:50","France","True","False"
"174","fin","MinesTelecom/04013/session01","fca06363c1ff674eae63602cbcbbbe9422f927c7cd605e1be62ed7cc4d4ab22a","4f3388f229e8dc90a9a67d7bc7d47190","m","1993","jhs","Partiellement","Reconnaitre le materiel utilise ainsi que les principaux services proposes a travers la notion de reseau","2h a 4h","4","5","5","4","4","Oui","Oui","2015-08-24 21:42:25","Haiti","True","False"
"175","fin","MinesTelecom/04013/session01","7834d71c05c90eed16bd3c912f650cbf04567fddcada9083190dcc5e390886cc","81f915213f868f2a6a71d462b5bb03fc","m","1985","m","Oui","Reconnaitre le materiel utilise ainsi que les principaux services proposes a travers la notion de reseau","2h a 4h","4","3","4","2","4","Oui","Non","2015-09-10 12:30:55","Cameroon","True","True"
"176","fin","MinesTelecom/04013/session01","452939ce9a1ade3d0efb8fad0268a578e0116b204116ff79a03ed47a5ccec87c","6310725a0b4c0d48dab504b4310f3083","m","1954","m","Oui","Reconnaitre le materiel utilise ainsi que les principaux services proposes a travers la notion de reseau","2h a 4h","4","5","4","5","4","Oui","Non","2015-07-23 14:28:11","Belgium","True","True"
"177","fin","MinesTelecom/04013/session01","d9f543f7b37447ff2de81a7350e94be2d2caa9a032863fbf2f82d1c1d6e809ce","cfd09a4dd151a312f97da77140fceaba","m","1973","b","Oui","Comprendre le fonctionnement des echanges suivant ces modeles","2h a 4h","5","3","4","Vide","4","Oui","Non","2015-07-20 18:13:59","France","True","True"
"178","fin","MinesTelecom/04013/session01","ed228308c8290cff84b07e6d96e9657acc44731c7baa0c98248029566a50de39","4ec80b02032cae56419ab78c5f038d03","f","1974","jhs","Oui","Reconnaitre le materiel utilise ainsi que les principaux services proposes a travers la notion de reseau","2h a 4h","4","4","4","4","5","Oui","Non","2015-09-04 19:39:16","France","True","True"
"179","fin","MinesTelecom/04013/session01","9a18b3949a8aed87bc89fd1eb04a8588acd7c1e2879ececf353f1d71cf570729","424b34b0c14c5f6d8edfa583b880e094","f","1959","b","Non","Reconnaitre le materiel utilise ainsi que les principaux services proposes a travers la notion de reseau","2h a 4h","4","4","4","4","3","Oui","Oui","2015-07-21 16:09:00","Switzerland","True","True"
"180","fin","MinesTelecom/04013/session01","60d49f9c3c94a3a5242caaa464d3f86fe891a4512ee6c1ed95815bc823e6cc8e","7b50e6755d2d244971e95b18e7f81182","","None","","Oui","Maitriser le vocabulaire et la terminologie telecommunications et reseaux","Moins d'1h","4","4","2","3","4","Oui","Non","2015-08-24 18:14:56","France","True","False"
"181","fin","MinesTelecom/04013/session01","f985404f768d90780fdd9430729fce036a8af264033cabf5ecc0752f969b9fa4","35d5bffa4e507d79607bfedf744eefea","m","1986","m","Oui","Comprendre le fonctionnement des echanges suivant ces modeles","2h a 4h","5","5","4","4","3","Oui","Oui","2015-07-28 19:38:38","Brazil","True","True"
"182","fin","MinesTelecom/04013/session01","53a1adb40bcb60a7db6691089a872130e5b68ece06065f9704c95a010e327783","0500d5193c4aee4c0fecad667e71d9b2","m","1986","hs","Partiellement","Maitriser le vocabulaire et la terminologie telecommunications et reseaux","2h a 4h","4","5","5","3","5","Oui","Oui","2015-07-30 17:38:50","Guinea","True","True"
"183","fin","MinesTelecom/04013/session01","a63f1bbd3a656a01d902e439c9f4c02b2189f97f3a0450dd36da64f47620b476","0e3675cc236e7e98a8f9b567d94e13f2","m","2000","el","Non","Maitriser le vocabulaire et la terminologie telecommunications et reseaux","Moins d'1h","1","Vide","Vide","1","Vide","Oui","Non","2015-07-29 16:50:07","Chad","True","True"
"184","fin","MinesTelecom/04013/session01","923724738e248208e181d1d68bcf94b8d85debbf7b269ede664e5ec29043c588","e150ce7ea068af0217124ce68a729a9c","m","1991","b","Oui","Reconnaitre le materiel utilise ainsi que les principaux services proposes a travers la notion de reseau","Plus de 8h","4","4","3","3","4","Oui","Oui","2015-07-30 08:54:32","Cameroon","True","True"
"185","fin","MinesTelecom/04013/session01","65409f1027c4c3fbbaea7a9a32174e09710f06a70dc54c0bbf7988335f3f5b2c","079450cb8e9bf1f6546b594c7f0e7971","m","1961","b","Oui","Maitriser le vocabulaire et la terminologie telecommunications et reseaux","2h a 4h","5","4","4","3","3","Oui","Non","2015-07-30 09:08:21","France","True","True"
"186","fin","MinesTelecom/04013/session01","cda7ae8015f0aaf80ef282bab68e828295a43c704a4f2b85d646c5f89f2565cb","c0802a6b41563ad5fdd1762c6d5eeeae","m","1988","b","Partiellement","Maitriser le vocabulaire et la terminologie telecommunications et reseaux","2h a 4h","5","4","3","4","4","Oui","Oui","2015-08-01 23:57:58","Mali","True","True"
"187","fin","MinesTelecom/04013/session01","dbf07878855eccedcbb497b976350c8425eee5c139a4da60d50261ba0895cc15","17aa430c3263c8025700956ce7fb253b","m","1989","hs","Oui","Reconnaitre le materiel utilise ainsi que les principaux services proposes a travers la notion de reseau","2h a 4h","4","4","4","4","4","Oui","Oui","2015-08-03 12:25:19","C么te d'Ivoire","True","True"
"188","fin","MinesTelecom/04013/session01","a847b98f94fe7e939397c0616c88918f2d868a617ba5322e5834e0616a22b102","e5b0821d90c92e220241a7021b7090e8","m","1985","m","Oui","Reconnaitre le materiel utilise ainsi que les principaux services proposes a travers la notion de reseau","2h a 4h","4","4","4","4","4","Oui","Oui","2015-08-05 16:39:33","Morocco","True","True"
"189","fin","MinesTelecom/04013/session01","6eca6c8c04e82501d514e87156a319f4225103d7ad5d70d3cca55cff0794bda8","b07b6229fe5a1d72e80c4e10d527b0ea","m","1969","jhs","Partiellement","Maitriser le vocabulaire et la terminologie telecommunications et reseaux","2h a 4h","4","2","3","3","4","Oui","Non","2015-08-06 06:53:37","France","True","True"
"190","fin","MinesTelecom/04013/session01","8c1461c10291bddaa32354664eee54e11a295d8f27347d1e19cfce4b99c8a5f4","adeabb1ddb9ec388675ce4a472d12630","m","1978","b","Oui","Maitriser le vocabulaire et la terminologie telecommunications et reseaux","Moins d'1h","4","5","4","3","5","Oui","Oui","2015-08-08 20:51:17","Congo (the Democratic Republic of the)","True","True"
"191","fin","MinesTelecom/04013/session01","4fb6c7a7e2e0583626a5da3130fc3b92dbb482b105ebdbdb492b4bd976e2f0a5","ad2febe957bffa12a53d93fe507cdcea","m","1947","m","Oui","Maitriser le vocabulaire et la terminologie telecommunications et reseaux","2h a 4h","4","5","4","3","3","Oui","Non","2015-08-10 09:58:10","France","True","True"
"192","fin","MinesTelecom/04013/session01","3e00d46c4cb55c6a7802165c28b21250aea296d959d7bffc5981c7faccd68295","3f45ea06ec7466fc16975d2c7816f85e","m","1970","hs","Oui","Comprendre le fonctionnement des echanges suivant ces modeles","2h a 4h","5","5","4","4","4","Oui","Non","2015-08-17 15:02:35","France","True","True"
"193","fin","MinesTelecom/04013/session01","84893a832fd81ef9f8d5be2dffcbd9153e6d1c017b668e09e335754b2f607b10","9df2828b5516c1d73d098041c8da4929","m","1974","b","Oui","Reconnaitre le materiel utilise ainsi que les principaux services proposes a travers la notion de reseau","Plus de 8h","4","4","4","4","3","Oui","Oui","2015-08-17 17:25:04","C么te d'Ivoire","True","True"
"194","fin","MinesTelecom/04013/session01","7281c258146d27b7de515a12e861279d88722dc42da58f3204ba507859c81cbf","e4e35b419f871e1c2b0b31a1b62bdbbf","m","1950","b","Oui","Comprendre le fonctionnement des echanges suivant ces modeles","2h a 4h","4","3","4","3","4","Oui","Non","2015-08-25 19:41:26","France","True","True"
"195","fin","MinesTelecom/04013/session01","8c4c5cc419358c76eaffc32c6e0ba0ee8b4f9beef3a926e1620595a73d6b9c48","316a93ce5018108d529e38be775cb3a8","m","1989","hs","Oui","Maitriser le vocabulaire et la terminologie telecommunications et reseaux","2h a 4h","5","5","5","5","5","Oui","Oui","2015-08-26 13:10:17","C么te d'Ivoire","True","True"
"196","fin","MinesTelecom/04013/session01","5856e5c83e7e67fb18c783e6d2be8fb6e620fbb2c7c00cad8937eb4bb115c10e","ce5f05296968fa62b780e1ecfaaa74ac","m","1971","none","Oui","Maitriser le vocabulaire et la terminologie telecommunications et reseaux","2h a 4h","4","3","3","1","4","Oui","Non","2015-10-04 14:09:26","France","True","True"
"197","fin","MinesTelecom/04013/session01","ad41dd2bff4b41cde4ba8334b04b5b3d7fa73da5b7205699f4132eb867e88bd5","af3427792e111d8e9a76e436d2995fd4","m","1959","m","Partiellement","Maitriser le vocabulaire et la terminologie telecommunications et reseaux","2h a 4h","5","4","2","3","1","Oui","Non","2015-08-29 14:27:37","France","True","True"
"198","fin","MinesTelecom/04013/session01","6e934f46a5f133721bbddc1e0ac72c82da83bc871eb955867c9c763596598658","f5d0a88ec836b49352d3cbe8b82fdae9","m","1993","b","Oui","Reconnaitre le materiel utilise ainsi que les principaux services proposes a travers la notion de reseau","2h a 4h","4","4","4","4","3","Oui","Oui","2015-08-31 17:50:49","Mali","True","False"
"199","fin","MinesTelecom/04013/session01","cdd3eda2eb05249ffe818aeec6fa1cf5eb2e079479c9427d721ebff7c414539e","99b7512f34fcb8781401bb2e1e2ed5a4","f","1985","m","Oui","Comprendre le fonctionnement des echanges suivant ces modeles","Moins d'1h","4","Vide","4","Vide","Vide","Oui","Non","2015-10-06 15:20:05","France","True","True"
"200","fin","MinesTelecom/04013/session01","1a67856b51061c7d6b68315695c6aea2e31732d2d4626e8e44b5a8020b81fe09","bc34e47ee67a4730da1bed89535933e1","m","1994","b","Partiellement","Reconnaitre le materiel utilise ainsi que les principaux services proposes a travers la notion de reseau","2h a 4h","4","5","3","3","Vide","Oui","Non","2015-09-02 13:14:15","Mali","True","True"
"201","fin","MinesTelecom/04013/session01","34941c21c1f64644174c749f0d4b2845be0ffd5a38ac21ac2fb4447324098675","b37668c7f7bbda0aecf12485cb536009","m","None","None","Partiellement","Maitriser le vocabulaire et la terminologie telecommunications et reseaux","2h a 4h","5","4","5","4","4","Oui","Oui","2015-09-02 19:45:29","Algeria","True","True"
"202","fin","MinesTelecom/04013/session01","30082bee53e8cf175abaedb4a4050376570cac49332e295d5c68e47ec2b9e68f","f0de6db2300ec6a2eae85a49681415d7","m","1964","jhs","Oui","Reconnaitre le materiel utilise ainsi que les principaux services proposes a travers la notion de reseau","2h a 4h","4","4","5","3","5","Oui","Non","2015-09-04 08:41:33","France","True","True"
"203","fin","MinesTelecom/04013/session01","831dcb9473377eb2a4cae56fdde9d83d803749be379d7a9a719c88e29d923fab","1f042cd505ac8e5f3d17e616370fd29f","f","1967","m","Partiellement","Reconnaitre le materiel utilise ainsi que les principaux services proposes a travers la notion de reseau","2h a 4h","4","4","3","3","4","Oui","Oui","2015-09-04 08:40:45","France","True","True"
"204","fin","MinesTelecom/04013/session01","c5a71bcb7ab30f8ff388c0bce5b5ba30c65a0c55f4a6d9420356233414c5b9f1","12fe9d6b736d9cabf785b5325990a515","m","1968","hs","Oui","Comprendre le fonctionnement des echanges suivant ces modeles","5h a 8h","5","5","4","3","5","Oui","Oui","2015-09-06 15:22:02","France","True","True"
"205","fin","MinesTelecom/04013/session01","aca13daba18a38c8a407d2c5be15d887c410de518e3e85233156f8a2cc85d916","d77c154db4c2abac7b93b22c62e4eeb3","f","1988","m","Oui","Comprendre le fonctionnement des echanges suivant ces modeles","Moins d'1h","4","4","5","4","4","Oui","Oui","2015-09-07 08:03:44","Algeria","True","True"
"206","fin","MinesTelecom/04013/session01","a67a5246f735b43325101c277b73cd0a3aed4abd3bdd5e5812ee4348c4dec670","594a21a23b837ebb673bda7e1a813486","m","1994","jhs","Oui","Maitriser le vocabulaire et la terminologie telecommunications et reseaux","2h a 4h","4","3","5","2","5","Oui","Oui","2015-09-07 11:01:15","Tunisia","True","True"
"207","fin","MinesTelecom/04013/session01","63d2b6a4aa74e2cb2072d6e80a5d639fcea615afef40525800b9c5a3688fedf0","366f7882e35deb32c9c705e1fd13026a","f","1978","m","Partiellement","Maitriser le vocabulaire et la terminologie telecommunications et reseaux","Moins d'1h","4","4","4","3","1","Oui","Oui","2015-10-01 09:29:16","France","True","False"
"208","fin","MinesTelecom/04013/session01","fd1352b920d45ea8379c5a06bbee2876ec044dd9bfd67cd16025b1a2a5357d22","c9cf568bb3d3cde91f85c71c94b1f86c","m","1995","jhs","Oui","Comprendre le fonctionnement des echanges suivant ces modeles","2h a 4h","5","5","4","4","5","Oui","Oui","2015-09-09 13:50:56","Niger","True","True"
"209","fin","MinesTelecom/04013/session01","9f04ab5547094a5b363ce251f917396e0c712e4546947533e82a5e7748ce83f5","bf2d87115a0f58f7d05175a337e433d8","m","1988","b","Vide","Vide","Vide","Vide","Vide","Vide","Vide","Vide","Vide","Oui","2015-09-09 02:39:24","Burkina Faso","True","True"
"210","fin","MinesTelecom/04013/session01","6f11b07d80bb39c9fa035faf53185a4722b659190c5c1b9f18ac130ee14bb03a","2d67f516591f9cfb89459eb806aa5d00","f","1965","m","Non","Vide","2h a 4h","2","3","3","3","4","Non","Non","2015-10-17 15:35:57","France","True","True"
"211","fin","MinesTelecom/04013/session01","0afc4bcdac124a8cf8c431f6df449c8d504dd069d879e18729c69089ce7841fb","7128f09f953f588d4dacd9f25039dec7","m","1995","a","Oui","Reconnaitre le materiel utilise ainsi que les principaux services proposes a travers la notion de reseau","2h a 4h","2","4","1","3","4","Non","Non","2015-09-10 13:10:06","France","True","True"
"212","fin","MinesTelecom/04013/session01","edb5e0033400d40bba4a0a953438dcd8a314cde034c7475658c3ce9d0af094fc","ef1cc3d2d44ce967c78241b5935ef5ca","m","1977","m","Oui","Maitriser le vocabulaire et la terminologie telecommunications et reseaux","2h a 4h","4","4","4","4","4","Oui","Oui","2015-09-13 00:30:21","Canada","True","True"
"213","fin","MinesTelecom/04013/session01","a0a5449427d0ef62a6ae0870748b69789ee261c6b7017306057dc1a076ab4c12","669945e5af84f57ae640c724954ce365","f","1976","m","Oui","Comprendre le fonctionnement des echanges suivant ces modeles","2h a 4h","4","4","4","4","4","Oui","Non","2015-09-11 12:37:34","France","True","True"
"214","fin","MinesTelecom/04013/session01","27d1611c86c5e9e743c50774ded7bb47d56c3305a03489985167d15d75415cbc","5ca4a151f0b4f1c80c669aec8a067c71","m","1989","m","Partiellement","Reconnaitre le materiel utilise ainsi que les principaux services proposes a travers la notion de reseau","2h a 4h","4","5","3","3","3","Oui","Oui","2015-09-19 14:55:35","C么te d'Ivoire","True","True"
"215","fin","MinesTelecom/04013/session01","e85874082ac5194d615b0e830d947dd895b705fb7460a00d37f61cfdbe7a389b","217b1ceab3cf9d6762daa4b26ee0487a","m","1995","jhs","Partiellement","Maitriser le vocabulaire et la terminologie telecommunications et reseaux","2h a 4h","3","4","3","4","3","Non","Non","2015-09-12 11:59:47","Switzerland","True","True"
"216","fin","MinesTelecom/04013/session01","025e5ef78e60973d4a313071a7fc732b09b1dcd614bb173751de60dbb8d2bc55","f79c625e1f26e4489b6b099c91de41cd","m","1992","b","Oui","Maitriser le vocabulaire et la terminologie telecommunications et reseaux","2h a 4h","4","4","4","4","4","Oui","Non","2015-09-12 19:22:45","France","True","True"
"217","fin","MinesTelecom/04013/session01","b6bdab2573213dee7e258072d5ea372fef9c4b14e0aab9872b61b95e9b6efb4a","ea363a2942874347a91609d3452c60a3","f","1992","b","Oui","Decrire les modeles en couches et leur interet","5h a 8h","4","4","3","4","2","Oui","Oui","2015-09-13 09:44:19","Mauritius","True","True"
"218","fin","MinesTelecom/04013/session01","8d0fa57429f7b60ad7d32e64cc2554c40effdfe7b637e4f9ab27b031937b4d10","1f010e0248dca35f9ee94a71f6a931df","m","1994","hs","Oui","Comprendre le fonctionnement des echanges suivant ces modeles","2h a 4h","4","2","4","2","5","Oui","Non","2015-09-23 06:42:09","France","True","True"
"219","fin","MinesTelecom/04013/session01","a25c7b7c19ad19a1a28a482586cda34a1a1a6acf661da2fcffd57c49801932b0","cd13f1890d75358de0677b212570f838","m","1975","m","Vide","Vide","Vide","Vide","Vide","Vide","Vide","Vide","Non","Vide","2015-11-14 18:37:57","France","True","False"
"220","fin","MinesTelecom/04013/session01","660e256f67000dd08a3247f89c2d23b4e9a306f80852813cf27818601d3d7e72","b47423c121958c009d081ec912d4ffae","f","1988","m","Partiellement","Reconnaitre le materiel utilise ainsi que les principaux services proposes a travers la notion de reseau","Moins d'1h","3","5","5","1","5","Oui","Oui","2015-10-01 17:48:55","Guinea","True","True"
"221","fin","MinesTelecom/04013/session01","7e76d499aa0cb81917a00519faadfc54e6b4e6b4443e27f8f043d6df0ba7d84e","b484bbb7eb32907fb666daa33db780bb","m","1970","p","Oui","Maitriser le vocabulaire et la terminologie telecommunications et reseaux","2h a 4h","4","4","4","3","4","Oui","Non","2015-09-15 20:24:42","France","True","True"
"222","fin","MinesTelecom/04013/session01","581b9bef9c82095c2d9b021904c2d8a78ca846e164b191ceaae0cc939428d82b","8fbceff4ee04902047f9ef446c9f6cb1","m","1965","hs","Partiellement","Comprendre le fonctionnement des echanges suivant ces modeles","Moins d'1h","4","4","4","3","4","Oui","Oui","2015-10-01 19:32:45","France","True","True"
"223","fin","MinesTelecom/04013/session01","8955c889906e85e1b1f21d1a9e589da589c586f083325cef134472c579fcbaa3","f6ef4f1dad57e2a3f9949f2defc46ec9","m","1978","m","Oui","Maitriser le vocabulaire et la terminologie telecommunications et reseaux","2h a 4h","4","5","4","3","5","Oui","Oui","2015-10-05 12:19:12","France","True","True"
"224","fin","MinesTelecom/04013/session01","57c7219f7af9908ac4f5d947cb41710454ff6b8aa85ebf1ebcdb5a05070159fa","04ca8ef13350eed67c5675df962e7d00","f","1991","b","Oui","Reconnaitre le materiel utilise ainsi que les principaux services proposes a travers la notion de reseau","2h a 4h","4","4","3","3","4","Oui","Oui","2015-10-01 10:58:00","Congo (the Democratic Republic of the)","True","True"
"225","fin","MinesTelecom/04013/session01","cbf889f834177307605946a74205073b57ac4c7cbcbad83767cc545bf21f873e","04450620e8d3b075c017917af2bf3cff","f","1995","other","Partiellement","Maitriser le vocabulaire et la terminologie telecommunications et reseaux","Moins d'1h","4","4","4","4","4","Oui","Non","2015-09-16 13:35:08","France","True","True"
"226","fin","MinesTelecom/04013/session01","0482f672a018291a3ea4307dda4b90c89506ddcc9a4b60242a4fda721c0de712","b689cb87ff22181f942a8c69a91ad8be","m","1977","hs","Partiellement","Maitriser le vocabulaire et la terminologie telecommunications et reseaux","2h a 4h","3","4","4","4","4","Oui","Oui","2015-09-30 15:00:15","France","True","False"
"227","fin","MinesTelecom/04013/session01","6222a954b074449abeb417eb5f759a4e7f524a1de83887ae522a0112e4eab617","54f08430366a94363fe9f782d6726362","f","1995","b","Partiellement","Comprendre le fonctionnement des echanges suivant ces modeles","2h a 4h","3","4","4","3","4","Oui","Non","2015-09-17 09:48:53","France","True","True"
"228","fin","MinesTelecom/04013/session01","8d0daa32c3ba6fb190738b5fd4143863de49f5cb17254891e55183d19efc389f","fbe8b88e79387dc24fd470c72a262de3","m","1989","hs","Oui","Comprendre le fonctionnement des echanges suivant ces modeles","2h a 4h","2","3","4","4","3","Oui","Oui","2015-09-17 10:35:10","C么te d'Ivoire","True","True"
"229","fin","MinesTelecom/04013/session01","7bd723fc985dcdd80f0f12447ee7867b7ebcbe727096670ee6435898218b50b3","7b718b4fca236425e9a4123dece06653","f","1986","b","Oui","Comprendre le fonctionnement des echanges suivant ces modeles","5h a 8h","5","5","4","4","Vide","Oui","Oui","2015-09-17 11:08:24","Cameroon","True","True"
"230","fin","MinesTelecom/04013/session01","7759d25da7c2706004082c349c35ef88b036a1649851c30fde05603fbb2f2154","462322a2415803c0e6568e406b373e75","m","1980","b","Partiellement","Maitriser le vocabulaire et la terminologie telecommunications et reseaux","Moins d'1h","4","4","4","4","5","Oui","Oui","2015-11-05 20:33:59","France","True","True"
"231","fin","MinesTelecom/04013/session01","c6f853332ae5a38e961e533d5ca276fafb02bad1ea26f95156f2df6ac8d81a00","34e0f8b98279d633a8913e1cde33b700","m","1994","a","Oui","Decrire les modeles en couches et leur interet","2h a 4h","4","3","4","3","4","Oui","Oui","2015-09-18 12:01:49","Tunisia","True","True"
"232","fin","MinesTelecom/04013/session01","0f1afe40fdbb9cf973d1446389c19287fefebdb3ac98ee5afe187b1713213406","cb70b0e5208a6b1067c3c4002459b2c0","f","1990","jhs","Oui","Reconnaitre le materiel utilise ainsi que les principaux services proposes a travers la notion de reseau","5h a 8h","5","5","5","5","5","Oui","Non","2015-09-19 20:31:25","France","True","True"
"233","fin","MinesTelecom/04013/session01","d5991ed6433148228db85400cf13fffc93970093683462173dadbe2d86a4e9b5","b7a96dd3f4ee23645ed316cf8e96c591","f","1990","jhs","Oui","Reconnaitre le materiel utilise ainsi que les principaux services proposes a travers la notion de reseau","2h a 4h","4","4","5","3","4","Oui","Oui","2015-09-19 23:33:53","Burkina Faso","True","True"
"234","fin","MinesTelecom/04013/session01","ca10a156b0794b7e2591d3b24cacf5c1ebd68e9e0d37fd38c1fa14893b0981a6","9f7ee642b5d9295525ad7fd61f76b2bf","m","1987","m","Oui","Reconnaitre le materiel utilise ainsi que les principaux services proposes a travers la notion de reseau","2h a 4h","5","4","4","5","3","Oui","Oui","2015-09-20 01:39:25","Niger","True","True"
"235","fin","MinesTelecom/04013/session01","60985c366d729847825e85553053fc24a356b4509903d1fffd3b459a1f36059c","c16fcf4bed1ef10676b08b887cd1847f","m","1977","b","Oui","Comprendre le fonctionnement des echanges suivant ces modeles","Moins d'1h","1","5","5","3","5","Oui","Oui","2015-09-21 17:36:45","Burkina Faso","True","True"
"236","fin","MinesTelecom/04013/session01","8c34dae48ea7faf7e5d9b5585aeefe01aba39996276a21303af4756ab8292f0b","48597c0f9fc3e2c24f777f39b506d9ed","m","1973","m","Oui","Maitriser le vocabulaire et la terminologie telecommunications et reseaux","2h a 4h","5","5","5","3","4","Oui","Non","2015-09-22 09:28:07","France","True","True"
"237","fin","MinesTelecom/04013/session01","aa3aac201018393a6c1d73725aa8aa7f544381df97a114b4a9684a0d2d4ee2e4","d5c9b4c6ad587afa76b32b6f3c38cbdf","m","1995","hs","Oui","Comprendre le fonctionnement des echanges suivant ces modeles","2h a 4h","3","4","3","3","4","Non","Non","2015-09-22 09:06:08","France","True","True"
"238","fin","MinesTelecom/04013/session01","b91713c45aa4d9953d1ff3bc9ad8945ea76bfa2c62d3cd8331ec0236d9081187","122849dc0d145b868523e68c379d7d73","m","1994","hs","Oui","Reconnaitre le materiel utilise ainsi que les principaux services proposes a travers la notion de reseau","2h a 4h","4","4","4","5","4","Oui","Oui","2015-09-22 11:42:41","France","True","True"
"239","fin","MinesTelecom/04013/session01","a2f588457a87bd00554df1768664630968095c72caf285dfecd8868be5acaebe","0f7746743fa0b3fc58a905a8bfd8e7f7","f","1987","jhs","Partiellement","Comprendre le fonctionnement des echanges suivant ces modeles","2h a 4h","1","3","2","3","3","Oui","Non","2015-09-22 11:50:54","Guadeloupe","True","True"
"240","fin","MinesTelecom/04013/session01","b59cc1eac7f958ee2e796335d09330ce58f9424fb468b983d24d2be869e78e41","f805e4336ad8e85a982e7ddbfa336238","m","1995","hs","Oui","Reconnaitre le materiel utilise ainsi que les principaux services proposes a travers la notion de reseau","2h a 4h","1","3","1","3","1","Non","Non","2015-09-22 16:18:18","France","True","True"
"241","fin","MinesTelecom/04013/session01","b2021cca0a1b106a0d1aa53e937222049c7553396c32585f4b261cd9dfe9ef13","5021a6e2435be8b080d4f73548292f73","m","1966","m","Oui","Comprendre le fonctionnement des echanges suivant ces modeles","2h a 4h","4","4","4","4","4","Oui","Non","2015-09-22 20:50:44","France","True","True"
"242","fin","MinesTelecom/04013/session01","bd93dc72102de7c37ac077061458503b2bc9f803ae4b260cbc9fb7484a3e948c","8b9f6606bf077ad443ac93b4a5235447","m","1993","hs","Vide","Comprendre le fonctionnement des echanges suivant ces modeles","5h a 8h","3","4","4","3","Vide","Oui","Oui","2015-09-28 15:34:59","Cameroon","True","True"
"243","fin","MinesTelecom/04013/session01","ea9093e95410ac4906cc6d95c55c964fbc330dba14e1b82168541a3bf7ff5dfd","ef1ed2095881267c67a57e83d1d48db2","m","1976","m","Oui","Maitriser le vocabulaire et la terminologie telecommunications et reseaux","5h a 8h","4","4","4","4","3","Oui","Oui","2015-09-23 08:09:30","France","True","True"
"244","fin","MinesTelecom/04013/session01","0ee89738f0bf4aa20d97c7f784141c5f7fe3ee248e59bc86629e2bc7ba5f6f33","17c0d9c6f46ebacc6a1694bfa5b78e1c","m","1994","hs","Oui","Comprendre le fonctionnement des echanges suivant ces modeles","2h a 4h","5","4","3","4","3","Oui","Non","2015-09-23 12:44:22","France","True","True"
"245","fin","MinesTelecom/04013/session01","ccfcfb8bc35664adfb9a9e5dce809c68359dbd32bdc58000487bbd72585f19aa","7dc26377f7e2d2a0d21a962c807654dc","m","1999","el","Non","Maitriser le vocabulaire et la terminologie telecommunications et reseaux","Moins d'1h","1","4","4","3","1","Non","Non","2015-09-24 18:36:31","France","True","True"
"246","fin","MinesTelecom/04013/session01","9bb1fca58ef52cbeaf2dbde1f755f1c50e7dd9a3fb6739ee75cdf4823b80ddee","f95d2018d54a21c2b3a972ca847d6364","f","1966","m","Oui","Decrire les modeles en couches et leur interet","2h a 4h","4","3","3","2","2","Oui","Non","2015-09-24 19:13:18","France","True","False"
"247","fin","MinesTelecom/04013/session01","95de284f6f139198ea052dbe8b43bea649f0097d630df529707705a63f2a76ec","170c56d56aef111b27dbc116948ca9fa","m","1995","hs","Oui","Maitriser le vocabulaire et la terminologie telecommunications et reseaux","2h a 4h","4","4","4","4","4","Oui","Non","2015-09-25 14:06:14","France","True","True"
"248","fin","MinesTelecom/04013/session01","f3fe252fccac21c1499c9cb789d95831fad2224fc4e95e83efa58c6bb3ef910f","809d36ff81eee05962021b9f5968697f","m","1993","other","Oui","Reconnaitre le materiel utilise ainsi que les principaux services proposes a travers la notion de reseau","5h a 8h","5","5","5","5","5","Oui","Oui","2015-09-25 21:16:44","Haiti","True","True"
"249","fin","MinesTelecom/04013/session01","21f8ad8a13ecfd6e0a56a19771715a1420b12099bd281f4696e450300b0218d0","4553bf54250238f236524986afd31f73","m","1947","m","Oui","Comprendre le fonctionnement des echanges suivant ces modeles","2h a 4h","4","3","4","3","4","Oui","Non","2015-09-27 07:08:04","France","True","True"
"250","fin","MinesTelecom/04013/session01","7b1a7b8525782d0439ac27bebcf237657fa3bca87801a6bb5811d0d1c29f4d63","24497f71e6e71029952134b862fa2ad0","m","1971","hs","Partiellement","Reconnaitre le materiel utilise ainsi que les principaux services proposes a travers la notion de reseau","2h a 4h","4","4","3","4","3","Oui","Non","2015-10-01 11:01:24","France","True","True"
"251","fin","MinesTelecom/04013/session01","46e68e8784e66578447197ecdcd4a5664b1e9fa84b576d21aba4a697d13e8204","ab5bc24190959a6f3168bade71eae763","m","1995","hs","Partiellement","Comprendre le fonctionnement des echanges suivant ces modeles","2h a 4h","3","5","5","3","4","Oui","Non","2015-09-28 15:50:44","France","True","True"
"252","fin","MinesTelecom/04013/session01","9ed9a20a552afeb5bd8df065b4b224b76f075f88c3610c265d40539f8d0e5b7e","eada67fa58c0146c2ec68c748f82f1dc","m","1963","b","Oui","Maitriser le vocabulaire et la terminologie telecommunications et reseaux","2h a 4h","5","5","4","4","4","Oui","Oui","2015-09-29 13:43:13","France","True","True"
"253","fin","MinesTelecom/04013/session01","474dcac6f53b01ac094e5467b31c659858125aecba4c5f785c2589c06965db20","7b3fda32e694b1f35c37b87dc6cdd039","m","1990","b","Oui","Maitriser le vocabulaire et la terminologie telecommunications et reseaux","2h a 4h","5","4","4","4","5","Oui","Oui","2015-09-29 22:22:14","France","True","True"
"254","fin","MinesTelecom/04013/session01","004934e78a1e1671e1b10cb81d994f6ffe71caac823593ff7cfd2c6784776d77","5c442af7805692f83c3a67d874c6df88","m","1968","m","Partiellement","Comprendre le fonctionnement des echanges suivant ces modeles","2h a 4h","4","2","4","2","1","Oui","Non","2015-09-30 06:28:58","France","True","True"
"255","fin","MinesTelecom/04013/session01","d0bc9485affb0de9a85ec63e4ebe07c7d59874586ae8e561fc6ecf7b2d933765","18d165bcf8e097b0b4b512f8d852304a","m","1991","b","Oui","Maitriser le vocabulaire et la terminologie telecommunications et reseaux","2h a 4h","5","4","4","4","4","Oui","Oui","2015-10-06 13:37:25","Gabon","True","True"
"256","fin","MinesTelecom/04013/session01","49a98093b8837c4cfeac6bc59febb4ca00c659b8f2caaff44ded3fb02482c7d2","0108e773e2b202611e167331721359c7","m","1979","jhs","Partiellement","Vide","2h a 4h","5","5","5","1","5","Oui","Oui","2015-10-02 11:59:28","Cameroon","True","True"
"257","fin","MinesTelecom/04013/session01","090af82361e98c0eb3bf010249eeb67c18e35e022a158833b06b406439bd6ece","3acbfe5fb9a731b387a999d8363ea357","m","1986","b","Oui","Maitriser le vocabulaire et la terminologie telecommunications et reseaux","2h a 4h","5","4","5","4","4","Oui","Oui","2015-10-01 19:23:02","Gabon","True","True"
"258","fin","MinesTelecom/04013/session01","987f6c467ab7839de171065a8e9fadfb7f20da41743842a4c894101bc629c584","cdbefda2c8888fef27d59ca0907bd67b","m","1990","el","Oui","Maitriser le vocabulaire et la terminologie telecommunications et reseaux","2h a 4h","5","5","5","4","5","Oui","Oui","2015-10-01 22:24:03","C么te d'Ivoire","True","True"
"259","fin","MinesTelecom/04013/session01","62c13fd37b019dbd7c97f455c200847336018884aa03641bffb258a97bf66b2b","cfb62cc0c48d572ea0271086bffeee5e","m","1996","b","Partiellement","Maitriser le vocabulaire et la terminologie telecommunications et reseaux","2h a 4h","3","4","4","3","4","Oui","Non","2015-10-04 11:51:49","France","True","True"
"260","fin","MinesTelecom/04013/session01","812240179664efcb55f8a174efe284ba2a075fa6d7a3e525c19e6732567b59e8","48d3cd08b34565aa71b3c0b6318cce7e","m","1960","jhs","Oui","Maitriser le vocabulaire et la terminologie telecommunications et reseaux","Moins d'1h","5","5","4","4","5","Oui","Non","2015-10-02 18:23:06","France","True","True"
"261","fin","MinesTelecom/04013/session01","c9eb71b4054523036df8ef690ba110f1e7736b1427119af4899270be494bf68e","b6dbe606418053a140e2af06fb8b0de2","m","1987","b","Oui","Maitriser le vocabulaire et la terminologie telecommunications et reseaux","2h a 4h","4","5","4","3","1","Oui","Oui","2015-10-06 15:53:25","France","True","True"
"262","fin","MinesTelecom/04013/session01","50db64d44a15be02657605764fdb7994fdfa2def030d800d05da3b4b2379c5bc","b72210f6aff7698ecdae6a2e78440662","m","1967","m","Oui","Comprendre le fonctionnement des echanges suivant ces modeles","2h a 4h","4","4","5","4","4","Oui","Oui","2015-10-04 14:40:10","France","True","True"
"263","fin","MinesTelecom/04013/session01","c27310820506f62f51eaca64b173549b3233dd99e182c7f4c90cdbddf4c1e5bc","6e3b9e803a2c7c14c8b033a7963edeec","m","1950","b","Oui","Decrire les modeles en couches et leur interet","Moins d'1h","4","1","3","3","2","Oui","Non","2015-10-05 10:22:32","France","True","True"
"264","fin","MinesTelecom/04013/session01","9bf87b936a7d2f7c8f9474f1e912ed878ebd089b13c26f16d687d3395c243a2f","2a64dbf45f549420cb3c4d14b7f00336","m","1990","hs","Oui","Decrire les modeles en couches et leur interet","2h a 4h","5","5","5","4","5","Oui","Oui","2015-10-06 15:33:53","C么te d'Ivoire","True","True"
"265","fin","MinesTelecom/04013/session01","954a87b37766a8fb2911ac7d7d00512d70a774b60165085eac4ba7a4a4ac6d04","d7b2337f70091f7a53201b6276c3ec22","","None","","Oui","Comprendre le fonctionnement des echanges suivant ces modeles","2h a 4h","4","4","4","3","4","Oui","Non","2015-10-06 20:11:24","France","True","True"
"266","fin","MinesTelecom/04013/session01","9c33085ec83dcb5a44eaa6db2abb7082783c7cd694a76e6a9b0651fe07e55030","fa53fef25b6ee7a815dd0799ebb3333b","m","1978","hs","Oui","Maitriser le vocabulaire et la terminologie telecommunications et reseaux","2h a 4h","5","5","4","4","4","Oui","Oui","2015-10-06 21:39:22","Guinea","True","True"
"267","fin","MinesTelecom/04013/session01","3d33af186b0cb67fbfe612fe621b65340772ef55a0c51432ab3b8deb26dca570","009b49adafcb23809c5d70abee101b3a","m","1991","b","Oui","Maitriser le vocabulaire et la terminologie telecommunications et reseaux","2h a 4h","4","3","4","4","5","Oui","Oui","2015-10-07 08:47:00","C么te d'Ivoire","True","True"
"268","fin","MinesTelecom/04013/session01","e4a514cb53b1f687dc5ba50206c68b237cbf86da6bb64c1cc8b342a0d56cfcdc","23a9f7b527b4f246703e72f5649694fa","m","1992","m","Non","Maitriser le vocabulaire et la terminologie telecommunications et reseaux","Moins d'1h","3","4","Vide","Vide","Vide","Oui","Oui","2015-10-12 19:01:09","France","True","True"
"269","fin","MinesTelecom/04013/session01","cf68459503cd3fe6b881e995811acdee4482fa19821e558f06225d3213c6a020","8ede1c11fd018b4369c5d11879eed528","f","1984","other","Partiellement","Comprendre le fonctionnement des echanges suivant ces modeles","2h a 4h","5","5","3","3","3","Oui","Non","2015-10-07 11:24:16","France","True","True"
"270","fin","MinesTelecom/04013/session01","7e0623e3e8f9044a65afa4867486ae4e24e0da459c82f722d337bde3c5c53889","91554b7ef7a4ff0a34b99e0d33ab4382","m","1990","jhs","Partiellement","Reconnaitre le materiel utilise ainsi que les principaux services proposes a travers la notion de reseau","5h a 8h","4","4","4","2","4","Oui","Oui","2015-10-07 14:50:09","Cameroon","True","True"
"271","fin","MinesTelecom/04013/session01","8bada00c830afc36ba92348bc4d3613fe3094765b6da9b41b64bfd25d8461b91","664eb0be3d4e3ffe44655427d0c653d6","m","1979","m","Oui","Maitriser le vocabulaire et la terminologie telecommunications et reseaux","Moins d'1h","5","4","4","5","4","Oui","Non","2015-10-12 12:41:27","France","True","True"
"272","fin","MinesTelecom/04013/session01","1677d5014be8ead64b99f083a521856a286c3a3bcc4ff7c5150db719e43f403d","962d7bea4a8af7fa073f3bea23069d38","m","1964","hs","Oui","Reconnaitre le materiel utilise ainsi que les principaux services proposes a travers la notion de reseau","5h a 8h","4","4","4","4","4","Oui","Non","2015-11-06 15:28:25","France","True","True"
"273","fin","MinesTelecom/04013/session01","d4fdca914055bee15f4c1e4012f9346e4cb75fa2dc518fba5ecc82f5a9dd0332","1686c8c990780c31576cf75dc2cc2ece","m","1990","b","Oui","Decrire les modeles en couches et leur interet","2h a 4h","4","4","4","3","4","Oui","Oui","2015-10-19 07:36:09","Cameroon","True","True"
"274","fin","MinesTelecom/04013/session01","e73fe00841a89506c6e142569e223dad6a232a5b0ca23624df92452466bfb63c","3c9beea41b8951272d71093113c1bffc","f","1989","m","Non","Decrire les modeles en couches et leur interet","Moins d'1h","5","5","5","5","5","Oui","Non","2015-10-19 11:48:51","France","True","True"
"275","fin","MinesTelecom/04013/session01","d9a9a30631edbc4a705499443a7de0f42a8474e377076d6e711d6d9e370aa403","99bffd3b0192b31d9b82fbe33f6a0a26","f","1984","m","Partiellement","Reconnaitre le materiel utilise ainsi que les principaux services proposes a travers la notion de reseau","5h a 8h","4","3","4","Vide","2","Oui","Non","2015-10-20 16:00:38","Chad","True","False"
"276","fin","MinesTelecom/04013/session01","738b0beeaa6c7b2da4a2132fe8b734e59b34353f704952f26facad9569e46a7c","a750bbc97621b6de17a2d9829fec3247","f","1990","b","Partiellement","Decrire les modeles en couches et leur interet","2h a 4h","4","4","4","4","3","Non","Non","2015-10-20 16:19:06","France","True","True"
"277","fin","MinesTelecom/04013/session01","53b3c70cad9d4017b532e82f5f6b38e34d3e82d8c63ff3bbcdaa013e1d5f9a2e","3fa3368c3c27af6f6e4c774853257358","m","1990","m","Oui","Decrire les modeles en couches et leur interet","Moins d'1h","5","3","4","3","5","Oui","Non","2015-10-26 22:45:55","France","True","True"
"278","fin","MinesTelecom/04013/session01","82b5aaf0b459b0ada88c171c9fbf33914369792a3f99bc85eec30da24cf70c84","648e114bc1638594984258d2a3cfec38","m","1975","hs","Partiellement","Reconnaitre le materiel utilise ainsi que les principaux services proposes a travers la notion de reseau","2h a 4h","4","5","4","4","4","Oui","Non","2015-10-22 09:45:04","France","True","True"
"279","fin","MinesTelecom/04013/session01","f6ca08ea90db479b193e230b19d37e16cddf2696cceb4d83145c97ac2c76469b","b271f7ef2e6a3b621f0dc32b3d8e9d20","m","1971","m","Oui","Reconnaitre le materiel utilise ainsi que les principaux services proposes a travers la notion de reseau","2h a 4h","5","5","4","4","4","Oui","Oui","2015-10-28 14:22:08","Morocco","True","True"
"280","fin","MinesTelecom/04013/session01","3b58c6ab8b1244ccf724db5781e1dd945d0d7da86a22405ed45b660952a3e90b","f1bee0e8b2c772cd9738e1ad4091f36d","m","1994","m","Oui","Maitriser le vocabulaire et la terminologie telecommunications et reseaux","Moins d'1h","4","4","5","3","4","Oui","Non","2015-10-22 17:54:24","France","True","True"
"281","fin","MinesTelecom/04013/session01","583a4b51eef4f81db69822ce42b22d1047450b7d0e8740411c15b19e0d8c86fb","0c591dfda8643fe20110686a5aecda16","m","1993","b","Partiellement","Decrire les modeles en couches et leur interet","Plus de 8h","4","3","3","2","4","Oui","Oui","2015-10-23 14:08:59","Cameroon","True","False"
"282","fin","MinesTelecom/04013/session01","7b56836b0ed2ea053bb1d9a73c17c162e268d0675a8f1750afb624282ed2772c","bea8eb13f6f385ba8c1425adc38a0841","","None","","Oui","Maitriser le vocabulaire et la terminologie telecommunications et reseaux","Moins d'1h","4","4","4","3","4","Oui","Oui","2015-10-25 14:38:16","France","True","True"
"283","fin","MinesTelecom/04013/session01","5acf46084f15f3b32d1f0eb045ca55894fd27483680a890a607b064c759aa8dc","51071e009d9bd9cf3fd05f1c04fa1dda","","None","","Oui","Maitriser le vocabulaire et la terminologie telecommunications et reseaux","Plus de 8h","4","4","3","3","4","Oui","Oui","2015-10-25 20:59:28","France","True","True"
"284","fin","MinesTelecom/04013/session01","54f74590aa93f158d4741ccb98c1ec2a95bd775ae78d2e5985c25551445cdbd6","5eacaf29f71fed10f690fa8ebfafd930","","None","","Oui","Reconnaitre le materiel utilise ainsi que les principaux services proposes a travers la notion de reseau","5h a 8h","4","4","4","4","5","Oui","Non","2015-10-26 12:48:13","France","True","True"
"285","fin","MinesTelecom/04013/session01","d08dc112b1aebb28bc899ff8dc9189922c626bc8e0206090fff76856795edba5","d626734ff69de9dcac246119bc5d8b97","","None","m","Oui","Comprendre le fonctionnement des echanges suivant ces modeles","2h a 4h","4","5","4","Vide","Vide","Oui","Oui","2015-10-28 09:41:03","France","True","True"
"286","fin","MinesTelecom/04013/session01","ec529625de73861b9023516760da62037215381ac258b03b941c2c017f17c8f3","a1cdff857c59e64d0fcfd280a28ca3b9","m","1991","m","Oui","Maitriser le vocabulaire et la terminologie telecommunications et reseaux","2h a 4h","4","4","5","4","5","Oui","Oui","2015-10-28 15:41:08","C么te d'Ivoire","True","True"
"287","fin","MinesTelecom/04013/session01","02668e7cd1a85ee9ab1ce085f2c143817d35f4ceda2966c4c1992c93b803fdbe","8dbf3d9fd89270d7d9a1c04b2528ff00","m","1985","a","Oui","Maitriser le vocabulaire et la terminologie telecommunications et reseaux","2h a 4h","5","4","5","4","3","Oui","Non","2015-10-29 13:33:14","France","True","True"
"288","fin","MinesTelecom/04013/session01","95c06cdf6de4715b55083f45775838b9f6aaaa56d46197f4ca903987c8e43aea","5375a6f4a0885b756c9d6731971fcc06","m","1995","jhs","Oui","Reconnaitre le materiel utilise ainsi que les principaux services proposes a travers la notion de reseau","5h a 8h","4","4","4","4","Vide","Oui","Oui","2015-10-31 14:27:34","Algeria","True","True"
"289","fin","MinesTelecom/04013/session01","0bf198f5a2cc61c3db5662652cc9cf4c97987f9f1a17aaedd07d4783d73399b9","dda8e819e134e1d4d1f53ada126fd55c","m","1992","b","Oui","Maitriser le vocabulaire et la terminologie telecommunications et reseaux","2h a 4h","4","4","4","Vide","3","Oui","Oui","2015-10-31 17:01:53","Burkina Faso","True","True"
"290","fin","MinesTelecom/04013/session01","2099f0ded54d06978b4fcede3334c071ce71de1cfefd085838d4704b269a8d1a","5ca3117c382d48d6d90dc3977b9205a6","f","1987","m","Partiellement","Maitriser le vocabulaire et la terminologie telecommunications et reseaux","5h a 8h","5","4","4","4","3","Oui","Oui","2015-11-01 15:34:26","France","True","True"
"291","fin","MinesTelecom/04013/session01","5592357ab19c2d83b7b36e58a64eb0261070bf39a6aebfe0cc93f7b883251d58","5db3410eb6c58e11202ff8b106a7c55b","m","1983","m","Non","Maitriser le vocabulaire et la terminologie telecommunications et reseaux","Moins d'1h","4","4","4","3","3","Oui","Oui","2015-11-02 08:01:12","Cameroon","True","True"
"292","fin","MinesTelecom/04013/session01","08a483c37ad9d656cfa1084d14ecf720aa8eb4c165d614d54bbc404ea571cdb6","317d9cfd01c39fa57fcbcb420e1c4287","m","1995","jhs","Oui","Maitriser le vocabulaire et la terminologie telecommunications et reseaux","5h a 8h","5","5","4","4","5","Oui","Oui","2015-11-03 14:12:37","Algeria","True","True"
"293","fin","MinesTelecom/04013/session01","07eb04068afbf9da252aac152c0f8b664adcb87eba1ce3f5c64b5fc6524bc292","e9bf60f2c83a48fca7bf19433e4a8f5b","m","1994","other","Oui","Comprendre le fonctionnement des echanges suivant ces modeles","2h a 4h","5","4","3","2","4","Oui","Oui","2015-11-05 13:42:15","Algeria","True","True"
"294","fin","MinesTelecom/04013/session01","a975a9ad6fd6b99f65236c6c8d58bd0e4f1abffb1aaaafb270c760f08fa5a280","ccc2b86652ec337b56d6322b73b3e9bc","f","1991","m","Partiellement","Reconnaitre le materiel utilise ainsi que les principaux services proposes a travers la notion de reseau","2h a 4h","4","5","5","5","5","Oui","Non","2015-11-03 23:09:24","France","True","True"
"295","fin","MinesTelecom/04013/session01","ab2f1af96c65c11bc93097d4b1149f6da41a46a39e352e8556cf153949d460a4","981981654cf72f15615e9e1f985596b6","m","1965","el","Oui","Maitriser le vocabulaire et la terminologie telecommunications et reseaux","2h a 4h","5","4","4","4","3","Oui","Oui","2015-11-05 06:51:25","France","True","True"
"296","fin","MinesTelecom/04013/session01","e0bfb4259dba0fe924f7653787e1c35f1eef25125dc098c7f86bcd92bd71623d","7511d2fc4eb32a93864d2d625c178735","m","1994","other","Oui","Comprendre le fonctionnement des echanges suivant ces modeles","2h a 4h","4","3","4","5","3","Oui","Oui","2015-11-05 13:39:35","Algeria","True","True"
"297","fin","MinesTelecom/04013/session01","3884ca80e58c027e372c4959770f1a9c2dd323617045d3d5e9c38a86a642c8bb","93be40fddd7e0a3a7677749000a3697c","m","1994","el","Oui","Maitriser le vocabulaire et la terminologie telecommunications et reseaux","5h a 8h","4","4","4","4","4","Oui","Oui","2015-11-10 19:42:08","Morocco","True","False"
